"country","iso2","year","new_labconf","new_clindx","new_ep","ret_rel_labconf","ret_rel_clindx","ret_rel_ep","ret_nrel","ret_nrel_clindx","c_newunk","c_newinc","c_ret","c_notified","pulm_labconf_new","pulm_labconf_ret","pulm_labconf_unk","notif_foreign","rel_in_agesex_flg","agegroup_option","newrel_m04","newrel_m59","newrel_m1014","newrel_m514","newrel_m014","newrel_m1519","newrel_m2024","newrel_m1524","newrel_m2534","newrel_m3544","newrel_m4554","newrel_m5564","newrel_m65","newrel_m15plus","newrel_mu","newrel_f04","newrel_f59","newrel_f1014","newrel_f514","newrel_f014","newrel_f1519","newrel_f2024","newrel_f1524","newrel_f2534","newrel_f3544","newrel_f4554","newrel_f5564","newrel_f65","newrel_f15plus","newrel_fu","c_new_014","rdx_data_available","newinc_rdx","newinc_pulm_labconf_rdx","newinc_pulm_clindx_rdx","newinc_ep_rdx","rdxsurvey_newinc","rdxsurvey_newinc_rdx","nrr","nrr_tx","conf_rr_nfqr","conf_rr_nfqr_tx","unconf_rr_nfqr_tx","rr_nfqr_014_tx","conf_rr_fqr","conf_rr_fqr_tx","nrr_hpmz_used","nrr_hpmz_tx","mdrxdr_bpalm_used","mdrxdr_bpalm_tx","mdrxdr_alloral_used","mdrxdr_alloral_tx","mdr_alloral_short_used","mdr_alloral_short_tx","mdr_tx_adsm","r_rlt_new","r_rlt_ret","rr_new","rr_ret","r_rlt_rel","rr_rel","dst_rlt_new","dst_rlt_ret","dst_rlt_hr_new","dst_rlt_hr_ret","dst_rlt_rr_new","dst_rlt_rr_ret","mdr_new","mdr_ret","rr_dst_rlt_fq","rr_fqr","rr_fqr_bdqr_lzdr","rr_fqr_bdqs_lzdr","rr_fqr_bdqu_lzdr","rr_fqr_bdqr_lzds","rr_fqr_bdqs_lzds","rr_fqr_bdqu_lzds","rr_fqr_bdqr_lzdu","rr_fqr_bdqs_lzdu","rr_fqr_bdqu_lzdu","newrel_tbhiv_flg","newrel_hivtest","newrel_hivpos","newrel_art","tbhiv_014_flg","newrel_hivtest_014","newrel_hivpos_014","newrel_art_014","hiv_tbrx_art","hiv_tbdetect","hiv_reg_new2","hiv_all_tpt","hiv_all","hiv_new_tpt","hiv_new","hiv_all_tpt_completed","hiv_all_tpt_started","tbhiv_surveil","tbhiv_surv_prev","tbhiv_surv_yr","tbhiv_surv_cil","tbhiv_surv_ciu","tbhiv_sentin_prev","tbhiv_sentin_yr","tbhiv_sentin_cil","tbhiv_sentin_ciu","total_deaths_vr","r00_r99_deaths_vr","tbdeaths_vr"
"Afghanistan","AF",2022,25302,11908,13702,628,103,106,739,,50912,51749,1576,52488,25302,,,0,1,221,3204,,,2893,,,,4418,3564,2201,1854,2062,2820,16919,0,2358,,,3167,,,,6030,5122,3493,3105,3059,2399,23208,0,11622,62,,10545,0,5429,,,51844,51844,618,570,4,45,26,26,0,,0,,1,451,1,145,596,10545,1367,557,87,,,186,286,47,74,36,87,25,47,568,26,,,,,,,,,,0,39188,12,12,,,,,11,11,140,,,,,,,0,,,,,,,,,,,
"Albania","AL",2022,171,53,42,17,5,4,0,,266,292,26,292,171,17,0,0,1,220,2,0,1,,,7,17,,37,19,30,27,63,200,0,2,0,1,,,5,11,,10,9,7,11,33,86,0,6,60,263,,,,,,287,280,3,3,0,1,,,0,,0,,1,2,0,,0,161,13,1,2,,,102,6,4,2,1,2,0,2,0,,,,,,,,,,,1,263,1,1,,,,,1,1,94,,,,,,,0,,,,,,,,,,,12
"Algeria","DZ",2022,4900,720,12912,206,0,0,131,,18532,18738,337,18869,4900,337,0,0,0,222,,,,,32,,,424,718,610,423,307,377,2859,,,,,,45,,,357,373,251,156,182,355,1674,,77,0,,,,,,,0,0,0,0,0,0,,,,,,,,,,,,70,80,21,27,,,,,,,,,,,,,,,,,,,,,,0,0,0,0,,,,,,,,,,,,,,0,,,,,,,,,,,
"American Samoa","AS",2022,,,,,,,,,,,,,,,,,,,,,,,,,,,,,,,,,,,,,,,,,,,,,,,,,,,,,,,,,,,,,,,,,,,,,,,,,,,,,,,,,,,,,,,,,,,,,,,,,,,,,,,,,,,,,,,,,,,,,,,,,,,,,,,
"Andorra","AD",2022,,,,,,,,,,,,,,,,,,,,,,,,,,,,,,,,,,,,,,,,,,,,,,,,,,,,,,,,,,,,,,,,,,,,,,,,,,,,,,,,,,,,,,,,,,,,,,,,,,,,,,,,,,,,,,,,,,,,,,,,,,,,,,,
"Angola","AO",2022,32887,26824,3270,1989,1340,46,2896,,62981,66356,6271,69252,32716,4880,171,16,,221,1201,,,2091,,,,8679,9991,6992,4363,2408,1656,34089,0,1033,,,2425,,,,7323,6818,5038,3186,1908,1244,25517,0,6750,0,,,,,,,1704,1704,1704,1704,0,36,0,0,0,,1,0,1,868,1,836,0,30981,3100,1242,462,1989,129,1242,462,1242,462,1242,462,1242,462,0,0,0,0,0,0,0,0,0,0,0,1,43840,3373,3319,,,,,,,,,,,,,,0,,,,,,,,,,,
"Anguilla","AI",2022,1,0,0,0,0,0,0,,1,1,0,1,1,0,0,1,1,222,,,,,0,,,0,0,1,0,0,0,1,0,,,,,0,,,0,0,0,0,0,0,0,0,0,60,0,,,,,,1,1,0,0,0,,0,0,0,,0,,0,,0,,,0,,0,,,,,,,,,,,,,,,,,,,,,,,1,1,0,0,1,0,,,,,,,,,,,,0,,,,,,,,,,,
"Antigua and Barbuda","AG",2022,0,0,0,1,0,0,1,,0,1,2,2,0,1,0,1,1,221,0,,,0,,,,0,0,0,0,0,0,0,0,0,,,0,,,,0,0,0,1,0,0,1,0,0,62,,0,,,,,1,1,0,0,0,,,,0,,0,,0,,0,,0,0,1,0,0,,,0,0,0,0,0,0,0,0,0,0,0,0,0,0,0,0,0,0,0,1,1,1,1,1,0,0,0,,,,,,,,,,0,,,,,,,,,,,
"Argentina","AR",2022,8412,2062,1485,297,63,24,736,,11959,12343,1120,13079,6676,843,1736,1695,1,220,161,121,199,,,613,909,,1650,1200,984,840,774,6970,14,154,115,260,,,527,664,,1202,804,616,516,596,4925,2,1010,62,,1804,162,274,,,13463,13463,194,194,56,29,6,6,0,,0,,1,194,0,,256,2583,381,86,55,,,1997,271,92,51,61,42,41,35,119,6,0,0,0,2,1,0,0,0,3,1,2899,1021,898,1,209,5,5,,127,2810,,,,,,,0,,,,,,,,,,,
"Armenia","AM",2022,233,72,106,19,3,7,32,2,411,440,61,472,233,46,0,6,1,221,4,,,10,,,,18,44,88,59,74,47,330,0,0,,,3,,,,13,22,16,9,19,14,93,0,17,60,379,,,,,,412,400,52,52,0,0,8,8,0,,0,,1,35,1,25,60,233,46,36,20,,,233,46,62,26,36,20,33,19,54,8,,,,1,2,3,,,2,1,411,39,35,,,,,35,,,,,,,,,0,,,,,,,,,,,
"Aruba","AW",2022,5,0,0,,,,0,,5,5,0,5,,,,4,,221,0,,,0,,,,0,2,1,0,1,0,4,0,0,,,0,,,,0,0,0,0,0,1,1,0,0,0,,,,,,,5,5,0,0,0,0,0,0,3,,3,,3,,3,,,5,,0,,,,5,,0,,0,,0,,,,,,,,,,,,,0,,,,0,,,,,,,,,,,,,0,,,,,,,,,,,
"Australia","AU",2022,692,88,450,25,4,13,0,,1230,1272,42,1272,681,25,11,1137,1,222,,,,,16,,,82,183,112,81,78,167,703,1,,,,,10,,,69,163,97,63,67,83,542,0,26,0,,,,,,,1251,996,17,17,0,0,4,3,0,,1,9,1,8,1,1,20,594,19,17,1,,,591,19,57,4,16,1,13,1,16,4,0,0,0,0,0,0,0,0,4,1,622,7,,,,,,,,,,,,,,,0,,,,,,,,,,,
"Austria","AT",2022,,,,,,,,,,,,,,,,,,,,,,,,,,,,,,,,,,,,,,,,,,,,,,,,,,,,,,,,,,,,,,,,,,,,,,,,,,,,,,,,,,,,,,,,,,,,,,,,,,,,,,,,,,,,,,,,,,,,,,,,,,,,,,,
"Azerbaijan","AZ",2022,1705,579,593,978,95,39,1180,,2877,3989,2292,5169,1705,2158,,,0,221,13,,,41,,,,353,397,309,287,335,160,1841,,13,,,43,,,,194,212,116,113,165,126,926,,110,60,3794,,,,,,4211,4109,958,865,3,9,171,166,0,,0,,1,853,1,181,,1671,2153,199,487,,,1644,2153,254,420,199,487,110,248,628,97,,,,,,,,,,0,3399,80,78,,,,,51,,,,,,,331,551,0,,,,,,,,,,,
"Bahamas","BS",2022,17,29,1,0,1,0,0,,47,48,1,48,17,0,0,13,1,220,0,1,1,,,1,1,,8,6,5,4,5,30,0,1,0,0,,,5,0,,3,2,3,1,1,15,0,3,62,,2,0,0,,,48,48,0,0,0,0,0,0,0,,0,,0,,0,,0,10,0,0,0,,,8,0,0,0,0,0,0,0,0,0,0,0,0,0,0,0,0,0,0,1,45,14,11,1,2,0,0,11,,,,,,,,,0,,,,,,,,,,,
"Bahrain","BH",2022,102,9,77,,,,0,,188,188,0,188,102,0,0,149,1,221,2,,,2,,,,10,29,27,19,22,8,115,,2,,,1,,,,5,25,14,14,5,3,66,,7,62,,102,9,54,,,138,138,3,3,0,0,,,0,,0,,0,,0,,0,102,0,2,0,,,82,0,10,0,2,0,2,0,0,0,0,0,0,0,0,0,0,0,0,0,140,5,3,,,,,,,,,,,,,,0,,,,,,,,,,,
"Bangladesh","BD",2022,139138,43980,62692,7573,5874,2700,774,,245810,261957,16921,262731,139127,8171,11,0,1,221,974,,,4063,,,,14130,18382,21267,24540,29339,34313,141971,12,671,,,5005,,,,18204,20930,20708,20338,16901,12175,109256,5,10713,60,53201,,,,,,262731,262731,,1267,0,15,84,83,0,,1,23,1,112,1,1132,1267,51688,8171,874,539,7573,405,0,0,0,0,0,0,0,0,1413,83,0,0,0,0,0,0,0,0,83,0,70477,55,,,,,,,,,,,,,,,0,,,,,,,,,,,
"Barbados","BB",2022,,,,,,,,,,,,,,,,,,,,,,,,,,,,,,,,,,,,,,,,,,,,,,,,,,,,,,,,,,,,,,,,,,,,,,,,,,,,,,,,,,,,,,,,,,,,,,,,,,,,,,,,,,,0,0,79,0,1397,0,79,,,,,,,,,,,,,,
"Belarus","BY",2022,1203,58,116,287,0,6,233,4,1377,1670,526,1903,1203,520,0,0,1,220,0,1,2,,,9,16,,100,314,350,299,166,1254,0,0,3,1,,,4,17,,47,95,70,64,112,409,0,7,60,1607,,,,,,1037,1034,507,475,28,3,314,287,0,,1,328,1,260,1,173,501,1203,520,499,222,287,203,1203,520,571,149,499,222,498,142,721,314,13,3,3,5,150,51,1,87,1,1,1649,127,120,,,,,,,,,,,,,,0,,,,,,,,,,,97
"Belgium","BE",2022,,,,,,,,,,,,,,,,,,,,,,,,,,,,,,,,,,,,,,,,,,,,,,,,,,,,,,,,,,,,,,,,,,,,,,,,,,,,,,,,,,,,,,,,,,,,,,,,,,,,,,,,,,,,,,,,,,,,,,,,,,,,,,,
"Belize","BZ",2022,57,8,3,6,1,0,0,,68,75,7,75,57,6,0,12,1,220,1,0,0,,,1,3,,9,13,15,10,4,55,,0,0,0,,,2,3,,6,2,5,0,1,19,,1,60,73,,,,,,74,74,2,2,2,0,0,0,0,,0,,1,2,1,2,2,56,6,1,1,,,56,6,0,1,1,1,0,1,1,0,0,0,0,0,0,0,0,0,0,1,61,10,10,1,0,0,0,,,,,,,,,,0,,,,,,,,,,,
"Benin","BJ",2022,3248,444,266,153,0,0,76,,3958,4111,229,4187,3248,229,0,0,1,221,34,,,51,,,,349,619,658,502,325,187,2640,0,31,,,69,,,,263,384,263,194,96,86,1286,0,185,60,2702,,,,,,0,0,35,24,0,0,0,0,0,,0,,0,,1,24,24,2748,229,21,14,,,16,87,10,20,13,13,9,11,22,0,,,,,,,,,,1,3944,539,523,,,,,491,,,,,,,,,0,,,,,,,,,,,
"Bermuda","BM",2022,0,0,1,0,0,0,0,,1,1,0,1,0,0,0,1,1,220,0,0,0,,,0,0,,0,0,0,0,0,0,0,0,0,0,,,0,0,,1,0,0,0,0,1,0,0,60,0,,,,,,0,0,1,1,0,0,0,0,0,,3,,3,,3,,0,0,0,0,0,,,0,0,0,0,0,0,0,0,0,0,0,0,0,0,0,0,0,0,0,1,1,1,1,1,0,0,0,,,,,,,,,,0,,,,,,,,,,,
"Bhutan","BT",2022,405,51,283,34,3,18,15,,739,794,70,809,405,45,0,7,1,221,2,,,7,,,,109,99,55,49,32,45,389,0,3,,,20,,,,133,126,46,24,17,27,373,0,32,62,,340,3,33,,,748,748,60,60,0,0,1,1,0,,0,,1,1,1,60,61,405,45,55,6,,,28,6,28,6,28,6,28,6,44,1,0,0,0,0,0,0,0,0,1,0,809,3,3,,,,,3,3,3,,,,,,,0,,,,,,,,,,,
"Bolivia (Plurinational State of)","BO",2022,5789,381,1349,533,0,21,210,,7519,8073,764,8283,5789,742,0,0,1,221,15,,,97,,,,1023,1091,728,636,676,892,5046,0,14,,,119,,,,630,599,373,327,327,526,2782,0,245,60,1994,,,,,,8178,8178,105,84,0,1,8,0,0,,0,,1,7,1,7,84,4365,619,83,30,,,758,388,56,14,62,7,33,6,66,8,,,,,,,,,,0,7387,346,185,0,,,,185,,,,,,,,,0,,,,,,,,,,,
"Bosnia and Herzegovina","BA",2022,345,30,27,27,2,1,2,2,402,432,32,434,345,27,0,4,1,220,0,0,0,,,4,13,,31,30,47,64,84,273,0,0,0,0,,,5,8,,20,16,11,26,73,159,0,0,0,,,,,,,428,428,3,3,0,0,,,1,11,0,,1,3,0,,2,339,27,1,2,,,338,26,1,3,1,2,1,2,0,0,,,,,,,,,,1,29,,,,,,,,,,,,,,,,0,,,,,,,,,,,
"Botswana","BW",2022,1125,1121,309,20,47,2,0,,2555,2624,69,2624,1125,20,0,95,1,221,46,,,34,,,,152,306,388,309,190,208,1553,2,46,,,44,,,,148,215,209,153,91,82,898,1,170,60,1395,,,,,,,,,,,,,,,,,,,,,,,,,,,,,,,,,,,,,,,,,,,,,,,,1,2365,1088,954,1,134,20,17,,,,,,,,,,0,,,,,,,,,,,
"Brazil","BR",2022,53196,17611,9526,4998,1596,417,11520,,80333,87344,18531,98864,52906,12973,290,658,1,220,704,308,442,,,2508,6932,,14427,11829,9466,7509,6198,58869,38,529,293,542,,,1884,2761,,5191,4673,4055,3410,3633,25607,12,2818,62,,33705,2652,2584,,,97658,97658,1206,973,64,5,49,49,0,,0,,1,929,0,,0,29103,7710,642,306,,,6938,2248,273,118,178,95,56,37,,,,,,,,,,,,1,71267,7638,3618,1,1830,54,20,,,,,,,,,,0,,,,,,,,,,,
"British Virgin Islands","VG",2022,,,,,,,,,,,,,,,,,,,,,,,,,,,,,,,,,,,,,,,,,,,,,,,,,,,,,,,,,,,,,,,,,,,,,,,,,,,,,,,,,,,,,,,,,,,,,,,,,,,,,,,,,,,,,,,,,,,,,,,,,,,,,,,
"Brunei Darussalam","BN",2022,155,15,45,7,2,0,0,,215,224,9,224,155,7,0,59,1,220,2,1,1,,,2,16,,17,19,37,21,37,149,0,2,0,0,,,1,6,,16,8,10,15,13,69,0,6,0,,,,,,,224,224,0,0,0,0,0,0,3,,0,,0,,0,,0,61,7,0,0,,,61,0,3,0,0,0,0,0,0,0,,,,,,,,,,1,146,4,4,,,,,,,,,,,,,,0,,,,,,,,,,,
"Bulgaria","BG",2022,,,,,,,,,,,,,,,,,,,,,,,,,,,,,,,,,,,,,,,,,,,,,,,,,,,,,,,,,,,,,,,,,,,,,,,,,,,,,,,,,,,,,,,,,,,,,,,,,,,,,,,,,,,,,,,,,,,,0,,,,,,,,,,,14
"Burkina Faso","BF",2022,4724,1247,1089,289,80,15,315,,7060,7444,699,7759,4638,572,86,,1,221,42,,,84,,,,609,1417,1402,900,625,466,5419,,36,,,80,,,,286,397,368,271,224,237,1783,,242,60,2267,,,,,,7679,7679,80,62,1,0,3,3,0,,1,3,0,,1,63,66,2267,465,63,17,,,64,18,7,15,63,17,6,14,45,2,,,,,,,,,,1,7146,395,386,,,,,386,309,4404,,,,,,,0,,,,,,,,,,,
"Burundi","BI",2022,4462,760,1939,242,73,111,83,,7161,7587,509,7670,4462,242,0,0,,221,70,,,115,,,,549,1252,1203,888,639,439,4970,0,58,,,106,,,,398,572,468,368,243,219,2268,0,349,60,5231,,,,,,47,47,47,47,0,0,0,0,0,,0,,0,,0,,0,1366,18,47,0,,,0,0,0,0,0,0,0,0,0,0,0,0,0,0,0,0,0,0,0,1,7522,410,410,,,,,,,,,,,,,,0,,,,,,,,,,,
"Cabo Verde","CV",2022,109,23,13,0,0,0,8,,145,145,8,153,109,8,0,0,1,221,2,,,1,,,,8,15,40,22,13,2,100,0,1,,,2,,,,7,9,9,2,7,5,39,0,6,60,109,,,,,,151,151,2,2,0,0,0,0,0,,0,,0,,0,,2,101,8,0,2,,,101,2,0,0,0,2,0,0,0,0,,,,,,,,,,0,145,17,10,,,,,,,,,,,,,,0,,,,,,,,,,,
"Cambodia","KH",2022,12758,7088,12668,140,93,25,93,,32514,32772,351,32865,12758,169,0,0,1,221,1486,,,3458,,,,868,1459,2266,2722,3559,3265,14139,0,821,,,2289,,,,895,1249,1337,1505,2411,3182,10579,0,8054,,,,,,,,32772,32772,114,114,0,1,13,13,0,,0,,1,60,1,67,127,,,,,,,,,,,,,,,,,,,,,,,,,,1,29546,332,324,,,,,324,,,,,,,,,0,,,,,,,,,,,
"Cameroon","CM",2022,16064,4437,2987,1234,,,564,,23488,24722,1798,25286,16064,1798,0,0,1,221,268,,,380,,,,2386,3925,3555,2527,1600,1238,15231,0,244,,,471,,,,1695,2027,1823,1196,754,633,8128,0,1363,60,10898,,,,,,25114,25114,172,151,0,4,1,0,0,,0,,0,,1,151,150,4725,1730,86,86,,,30,10,25,9,30,10,25,9,7,1,0,0,0,0,0,0,0,0,1,0,24151,4339,4240,0,,,,,,,59746,424771,10943,65514,,,0,,,,,,,,,,,
"Canada","CA",2022,,,,,,,,,,,,,,,,,,,,,,,,,,,,,,,,,,,,,,,,,,,,,,,,,,,,,,,,,,,,,,,,,,,,,,,,,,,,,,,,,,,,,,,,,,,,,,,,,,,,,,,,,,,,,,,,,,,,,,,,,,,,,,,
"Cayman Islands","KY",2022,,,,,,,,,,,,,,,,,,,,,,,,,,,,,,,,,,,,,,,,,,,,,,,,,,,,,,,,,,,,,,,,,,,,,,,,,,,,,,,,,,,,,,,,,,,,,,,,,,,,,,,,,,,,,,,,,,,,,,,,,,,,,,,
"Central African Republic","CF",2022,7386,4246,2458,215,62,22,107,,14090,14389,406,14496,7386,322,0,0,1,221,382,,,609,,,,1246,1841,1868,1376,704,361,7396,0,332,,,556,,,,1068,1435,1206,752,417,236,5114,0,1879,60,7598,,,,,,14374,14374,122,108,0,2,0,0,0,,0,,0,,1,108,108,2349,121,60,62,,,2349,121,0,62,60,62,0,62,122,0,,,,,,,,,,1,11890,2841,2794,0,,,,,0,0,,,,,,,0,,,,,,,,,,,
"Chad","TD",2022,8355,4168,1423,528,225,26,447,,13946,14725,1226,15172,8336,821,19,0,1,221,244,,,320,,,,1352,2636,2455,1591,967,664,9665,0,215,,,286,,,,730,1106,919,598,380,262,3995,0,1065,60,4236,,,,,,15141,15141,142,114,0,2,0,0,0,,0,,0,,1,114,95,3415,821,111,31,,,111,31,111,31,111,31,111,31,0,0,0,0,0,0,0,0,0,0,0,1,12428,1461,1449,,,,,,,,,,,,,,0,,,,,,,,,,,
"Chile","CL",2022,2018,128,533,177,6,18,130,,2679,2880,331,3010,2018,307,0,797,1,220,24,7,17,,,41,129,,321,331,281,305,352,1760,0,17,6,17,,,44,84,,196,177,162,148,221,1032,0,88,62,,1952,,,,,2956,2956,52,52,0,2,2,2,0,,0,,1,2,1,52,54,1937,237,35,16,,,1937,237,46,9,35,16,10,6,50,3,0,0,0,2,1,0,0,0,0,1,2626,272,,1,81,2,2,162,121,4309,122,49740,83,4309,,,0,,,,,,,,,,,
"China","CN",2022,268247,178242,28570,26202,0,0,15310,,475059,501261,41512,516571,268247,30863,0,24,1,221,158,,,2729,,,,29022,36860,33889,60493,70609,107043,337916,0,146,,,3260,,,,21769,25162,18177,22537,24171,45236,157052,0,6293,60,329645,,,,,,504897,499848,11674,9661,0,65,720,595,0,,0,,1,7649,1,1046,10256,230919,27343,6650,5545,23149,4080,115931,13596,9984,3056,3915,2895,2784,2156,2433,720,2,2,3,0,38,54,0,4,617,1,341614,6085,4006,1,4378,132,123,,,,,,,,,,0,,,,,,,,,,,
"China, Hong Kong SAR","HK",2022,1981,317,642,153,52,45,19,,2940,3190,269,3209,1981,164,0,297,1,220,2,0,3,,,17,28,,80,107,191,395,1205,2023,0,0,0,6,,,26,44,,143,181,157,190,415,1156,0,11,0,,,,,,,3179,2964,28,25,0,0,2,2,0,,0,,1,25,1,2,27,1898,142,21,7,,,1897,142,99,22,20,7,17,5,27,1,0,0,0,0,1,0,0,0,0,1,2502,15,13,,,,,,,,,,,,,,0,,,,,,,,,,,
"China, Macao SAR","MO",2022,202,30,38,21,2,2,4,,270,295,29,299,190,25,12,51,1,220,0,0,0,,,0,3,,10,12,22,51,76,174,0,1,0,0,,,4,5,,28,23,15,17,28,120,0,1,60,253,,,,,,291,282,7,5,0,0,1,1,0,,0,,1,6,0,,6,184,25,6,2,,,184,25,20,5,6,2,3,2,6,1,,,,,,,,,,0,269,2,1,,,,,,,,,,,,,,0,,,,,,,,,,,
"Colombia","CO",2022,11265,2686,2383,267,62,29,601,,16334,16692,959,17293,10900,685,365,736,1,220,136,71,92,,,391,1041,,2555,1673,1206,1517,2221,10604,0,114,51,96,,,342,524,,1038,809,714,821,1280,5528,0,560,62,,7538,701,526,,,16147,16147,245,216,0,0,4,4,0,,0,,1,20,1,20,0,5890,389,72,6,,,5651,380,118,2,72,5,35,2,69,4,1,0,0,0,0,0,0,0,3,1,15293,1973,1215,1,568,10,0,,,,1499,125264,315,13708,1991,2305,0,,,,,,,,,,,
"Comoros","KM",2022,,,,,,,,,,,,,,,,,,,,,,,,,,,,,,,,,,,,,,,,,,,,,,,,,,,,,,,,,,,,,,,,,,,,,,,,,,,,,,,,,,,,,,,,,,,,,,,,,,,,,,,,,,,,,,,,,,,,,,,,,,,,,,,
"Congo","CG",2022,5859,4298,3279,165,92,34,128,,13436,13727,419,13855,5859,165,0,0,1,221,188,,,373,,,,1352,1796,1657,1229,674,457,7165,0,174,,,391,,,,1011,1141,1043,900,686,655,5436,0,1126,60,11609,,,,,,13639,13639,216,216,0,7,15,0,0,,0,,0,,1,216,216,216,0,216,0,,,210,0,210,0,210,0,210,0,15,15,15,0,0,0,0,0,0,0,0,1,7602,1006,697,0,,,,,,,,,,,,,0,,,,,,,,,,,
"Cook Islands","CK",2022,0,0,0,0,0,0,0,,0,0,0,0,0,0,0,0,,,0,0,0,,,0,0,,0,0,0,0,0,0,0,0,0,0,,,0,0,,0,0,0,0,0,0,0,0,5,,,,,,,0,0,0,0,0,0,0,0,0,,0,,0,,0,,0,0,0,0,0,,,0,0,0,0,0,0,0,0,0,0,0,0,0,0,0,0,0,0,0,0,0,0,0,,,,,,,,,,,,,,0,,,,,,,,,,,
"Costa Rica","CR",2022,305,13,57,16,1,0,9,,375,392,26,401,305,25,0,97,1,220,5,0,1,,,10,18,,53,52,41,45,44,263,,1,2,3,,,4,5,,30,28,12,21,26,126,,12,60,158,,,,,,401,401,0,0,0,0,0,0,0,,0,,0,,0,,0,124,7,0,0,,,124,0,5,0,0,0,0,0,0,0,0,0,0,0,0,0,0,0,0,0,376,40,40,1,10,1,1,34,,,,,,,,,0,,,,,,,,,,,
"Côte d'Ivoire","CI",2022,15287,1932,3082,1325,121,82,506,,20301,21829,2034,22335,15269,1811,18,,1,221,108,,,347,,,,2188,3472,3781,2346,1337,909,14033,1,109,,,401,,,,1439,1611,1547,1008,685,540,6830,0,965,60,10972,,,,,,21845,21845,490,439,0,,14,20,0,,0,,0,,1,439,459,9868,1811,298,190,,,200,53,199,51,200,51,199,51,253,15,,,,,,,,,,1,21643,2981,2892,,,,,,1297,32114,,,,,43785,247278,0,,,,,,,,,,,
"Croatia","HR",2022,,,,,,,,,,,,,,,,,,,,,,,,,,,,,,,,,,,,,,,,,,,,,,,,,,,,,,,,,,,,,,,,,,,,,,,,,,,,,,,,,,,,,,,,,,,,,,,,,,,,,,,,,,,,,,,,,,,,,,,,,,,,,,,
"Cuba","CU",2022,471,104,85,51,3,3,19,,660,717,76,736,471,68,0,0,1,220,4,2,0,,,6,27,,88,88,129,128,85,551,0,1,3,2,,,7,16,,32,13,28,23,35,154,0,12,60,137,,,,,,729,729,5,5,0,0,0,0,0,,0,,0,,0,,,215,44,2,3,,,171,24,4,2,1,1,1,0,2,0,,,,,,,,,,1,717,48,48,1,12,0,0,48,,,,,,,,,0,,,,,,,,,,,
"Curaçao","CW",2022,5,0,0,0,0,0,0,,5,5,0,5,5,0,0,4,1,220,,,,,,,,,,1,,1,1,3,,,,,,,,,,1,,,,1,2,,,60,5,,,,,,5,0,0,0,0,0,0,0,0,,0,,0,,0,,0,5,0,0,0,,,5,0,0,0,0,0,0,0,0,0,0,0,0,0,0,0,0,0,0,1,5,1,1,1,0,0,0,,,,,,,,,,0,,,,,,,,,,,
"Cyprus","CY",2022,,,,,,,,,,,,,,,,,,,,,,,,,,,,,,,,,,,,,,,,,,,,,,,,,,,,,,,,,,,,,,,,,,,,,,,,,,,,,,,,,,,,,,,,,,,,,,,,,,,,,,,,,,,,,,,,,,,,,,,,,,,,,,,
"Czechia","CZ",2022,,,,,,,,,,,,,,,,,,,,,,,,,,,,,,,,,,,,,,,,,,,,,,,,,,,,,,,,,,,,,,,,,,,,,,,,,,,,,,,,,,,,,,,,,,,,,,,,,,,,,,,,,,,,,,,,,,,,,,,,,,,,,,,
"Democratic People's Republic of Korea","KP",2022,25301,35079,17070,4326,0,0,5680,,77450,81776,10006,87456,25301,10006,0,0,1,221,416,,,2024,,,,5183,9232,12738,13088,6930,2242,49413,0,305,,,1339,,,,3472,5774,7696,6851,3272,1214,28279,0,4084,0,,,,,,,81776,81776,168,0,0,0,,,0,,0,,0,,0,,0,0,308,0,168,0,0,,,,,,,,,,,,,,,,,,,,,0,0,0,,,,,,,,,,,,,,0,,,,,,,,,,,
"Democratic Republic of the Congo","CD",2022,141135,55292,43919,3165,1819,682,1386,,240346,246012,7052,247398,141135,4551,0,,1,221,4861,,,12150,,,,20846,28197,27518,21627,15438,9435,123061,108,4166,,,11568,,,,17917,19553,18866,15262,11448,6954,90000,98,32745,60,32782,,,,,,245784,243326,1614,1403,0,67,33,29,0,,1,9,1,21,1,43,1432,34283,3942,896,718,2794,403,444,337,255,201,444,337,255,201,805,33,0,0,0,0,0,0,0,0,33,1,184511,12597,11175,0,,,,,6796,97177,,,61140,97177,,,0,,,,,,,,,,,
"Denmark","DK",2022,,,,,,,,,,,,,,,,,,,,,,,,,,,,,,,,,,,,,,,,,,,,,,,,,,,,,,,,,,,,,,,,,,,,,,,,,,,,,,,,,,,,,,,,,,,,,,,,,,,,,,,,,,,,,,,,,,,,,,,,,,,,,,,
"Djibouti","DJ",2022,1004,249,828,70,,,,,2081,2151,70,2151,1004,70,,,1,,,,,,,,,,,,,,,,,,,,,,,,,,,,,,,,,,,,,,,,2151,2151,60,58,0,1,5,5,0,,,,,,,,,,,,,,,,,,,,,,,,,,,,,,,,,,,,,,,,,,,,,,,,,,,,,,,,,,,,,,
"Dominica","DM",2022,0,0,0,0,0,0,0,,0,0,0,0,0,0,0,0,0,,0,0,0,,,0,0,,0,0,0,0,0,0,0,0,0,0,,,0,0,,0,0,0,0,0,0,0,0,0,,,,,,,0,0,0,0,0,0,0,0,0,,0,,0,,0,,0,0,0,0,0,,,0,0,0,0,0,0,0,0,0,0,0,0,0,0,0,0,0,0,0,0,0,0,0,1,0,0,0,,0,0,,,,,0,0,0,,,,,,,,,,,
"Dominican Republic","DO",2022,2515,849,277,255,135,20,255,,3641,4051,665,4306,2515,422,0,545,1,220,20,20,12,,,58,224,,627,624,465,343,268,2609,0,10,11,15,,,52,133,,322,289,184,185,189,1354,0,88,62,,2470,522,127,,,4131,4131,166,178,10,7,19,25,0,,1,2,1,83,1,115,202,2231,380,147,25,,,134,35,40,9,14,5,12,5,97,19,0,1,0,0,2,0,0,0,16,1,3810,830,734,1,81,14,14,712,,,813,71249,813,8718,171,3702,0,,,,,,,,,,,
"Ecuador","EC",2022,4907,660,882,473,0,0,466,,6449,6922,939,7388,4907,939,0,165,1,221,90,,,90,,,,932,1259,882,624,449,531,4677,0,66,,,91,,,,361,405,306,276,250,310,1908,0,337,60,2955,,,,,,6898,6898,474,438,8,14,16,5,0,,1,5,1,220,1,226,77,5815,,490,,,,2300,,579,,252,,229,,213,16,0,0,0,0,0,0,0,0,16,1,5029,751,644,0,,,,,,,,,,,,,0,,,,,,,,,,,
"Egypt","EG",2022,3459,781,3428,176,35,88,161,,7668,7967,460,8128,3459,337,0,714,,221,56,,,185,,,,858,1407,1012,654,564,385,4880,0,45,,,183,,,,649,586,508,357,300,218,2618,0,469,60,6447,,,,,,7998,7998,130,97,97,5,0,0,0,,0,,1,58,0,,97,1079,160,60,70,,,1079,160,65,51,60,70,4,12,113,0,0,0,0,0,0,0,0,0,0,0,4412,56,56,,,,,56,139,3634,,,139,3634,,,0,,,,,,,,,,,
"El Salvador","SV",2022,1581,291,369,275,0,1,20,,2241,2517,296,2537,1581,295,0,7,1,221,16,,,53,,,,206,748,354,162,133,164,1767,0,21,,,32,,,,77,96,106,119,104,126,628,0,122,60,1101,,,,,,1377,1377,17,15,0,0,0,0,0,,0,,1,7,1,8,15,870,240,10,7,,,870,240,1,1,10,7,1,1,8,0,0,0,0,0,0,0,0,0,0,1,2295,188,163,0,,,,163,,,,,,,1390,1853,0,,,,,,,,,,,
"Equatorial Guinea","GQ",2022,1361,890,671,152,108,53,67,,2922,3235,380,3302,1361,189,0,55,1,220,26,36,37,,,100,152,,392,437,225,149,75,1530,0,23,35,34,,,106,155,,525,381,178,93,76,1514,0,191,62,,1218,,311,,,3244,3244,58,56,0,0,2,2,0,,0,,0,,1,56,0,973,155,33,25,,,,,,,,,,,44,2,,,,,,,,,,1,2934,1613,1053,,,,,,,,,,,,,,0,,,,,,,,,,,
"Eritrea","ER",2022,700,566,576,64,40,17,21,,1842,1963,142,1984,700,64,0,0,1,221,117,,,91,,,,152,209,162,155,120,141,939,0,113,,,101,,,,93,118,123,78,91,99,602,0,422,60,1216,,,,,,1984,1984,26,26,0,0,0,0,0,,0,,1,26,0,,26,700,64,16,8,,,0,0,0,0,0,0,0,0,0,0,0,0,0,0,0,0,0,0,0,1,1768,53,51,,,,,,,,,,,,,,0,,,,,,,,,,,
"Estonia","EE",2022,88,9,7,17,3,1,4,0,104,125,25,129,88,21,0,35,1,220,0,0,0,,,0,1,,7,20,22,20,17,87,0,0,0,0,,,1,1,,3,1,5,6,21,38,0,0,62,,105,0,6,,,103,91,19,14,0,0,7,7,0,,1,6,1,5,1,4,23,85,19,19,7,,,78,16,21,7,19,7,17,7,21,7,0,2,0,0,5,0,0,0,0,1,117,6,6,,,,,,,,,,,,,,0,,,,,,,,,17140,236,10
"Eswatini","SZ",2022,1143,715,386,61,38,31,101,,2244,2374,231,2475,1135,136,8,0,1,220,40,12,14,,,42,78,,285,431,228,147,104,1315,0,36,10,17,,,53,95,,232,272,128,89,61,930,0,129,60,1902,,,,,,1902,1902,70,70,14,8,0,0,0,,0,,1,10,1,74,84,1135,136,41,29,,,1135,136,26,40,41,29,4,7,70,0,0,0,0,0,0,0,0,0,0,1,2361,1536,1509,1,118,27,26,,,,,,,,,,0,,,,,,,,,,,
"Ethiopia","ET",2022,49893,27018,33308,3419,,,1779,,110219,113638,5198,115417,49893,5145,,,,221,1841,,,3991,,,,15203,16318,10603,7127,4744,3705,57700,,1419,,,4214,,,,12569,13765,8484,5134,2897,1624,44473,,11465,0,,,,,,,114756,114756,661,661,0,38,8,8,0,,0,,1,8,1,661,661,36781,,661,,,,716,177,55,24,661,18,,17,37,8,0,0,,0,,,,,8,0,98563,3854,3537,0,,,,,,,,,,,,,0,,,,,,,,,,,
"Faroe Islands","FO",2022,,,,,,,,,,,,,,,,,,,,,,,,,,,,,,,,,,,,,,,,,,,,,,,,,,,,,,,,,,,,,,,,,,,,,,,,,,,,,,,,,,,,,,,,,,,,,,,,,,,,,,,,,,,,,,,,,,,,,,,,,,,,,,,
"Fiji","FJ",2022,142,256,139,16,15,3,53,,537,571,87,624,106,68,36,10,0,220,13,22,9,,,14,46,,52,66,50,28,31,287,0,12,13,10,,,12,20,,24,35,32,28,19,170,1,79,62,,34,17,10,,,61,4,4,4,1,0,0,0,0,,0,,1,4,0,,4,0,6,0,4,,,0,0,0,0,0,0,0,0,0,0,0,0,0,0,0,0,0,0,0,1,571,41,41,,,,,20,20,148,,,15,148,,,0,,,,,,,,,,,
"Finland","FI",2022,118,5,62,5,0,0,0,0,185,190,5,190,117,5,1,70,1,220,0,1,0,,,3,9,,11,8,9,8,47,95,0,4,1,1,,,2,4,,22,10,5,10,35,88,0,7,62,,86,0,41,,,182,137,5,5,0,0,3,3,0,,0,,1,9,0,,9,102,3,7,1,,,102,3,13,1,7,1,7,1,8,3,0,0,0,0,3,0,0,0,0,1,,3,3,,,,,,,,,,,,,,0,,,,,,,,,,,
"France","FR",2022,,,,,,,,,,,,,,,,,,,,,,,,,,,,,,,,,,,,,,,,,,,,,,,,,,,,,,,,,,,,,,,,,3,,1,,1,,1,,,,,,,,,,,,,,,,,,,,,,,,,,,,1,,101,,,,,,,,,,,,,,,1,,,,,4.6,2021,3.7,5.8,402,,
"French Polynesia","PF",2022,37,0,12,5,0,1,,,49,55,6,55,37,5,0,2,1,222,,,,,3,,,3,5,1,5,12,7,33,,,,,,0,,,2,2,2,5,2,6,19,,3,60,41,,,,,,53,52,2,2,0,1,0,0,3,,3,,3,,1,1,2,36,3,2,0,,,,,,,,,,,,,,,,,,,,,,1,40,1,,,,,,,,,,,,,,,0,,,,,,,,,,,
"Gabon","GA",2022,3964,1459,522,251,86,17,152,,5945,6299,506,6451,3964,403,0,0,1,221,28,,,69,,,,603,906,726,593,455,220,3503,0,30,,,64,,,,437,631,567,457,338,175,2605,0,191,0,,,,,,,4310,4310,76,70,0,1,14,25,0,,0,,1,25,1,70,0,1683,116,74,16,,,74,16,70,16,74,16,70,16,52,14,,,,,,,,,,1,1497,674,636,1,115,16,16,,,,,,1769,3239,,,0,,,,,,,,,,,
"Gambia","GM",2022,1862,449,122,102,0,0,41,,2433,2535,143,2576,1837,143,25,,1,221,40,,,73,,,,339,503,353,190,110,108,1603,,24,,,47,,,,173,198,134,99,92,52,748,,184,60,1040,,,,,,2564,10,12,11,0,0,1,1,0,,0,,0,,1,11,12,897,143,3,9,,,,,,,,,,,,,,,,,,,,,,0,2313,319,292,,,,,319,,,,,,,,,0,,,,,,,,,,,
"Georgia","GE",2022,993,57,267,153,12,29,143,5,1317,1511,337,1654,993,281,0,,1,220,8,10,10,,,30,43,,145,208,210,201,125,962,0,6,2,9,,,22,61,,124,109,50,57,81,504,0,45,62,,1142,66,233,,,1482,1473,117,109,8,0,55,49,0,,1,21,1,26,1,103,166,982,254,105,60,,,854,177,171,72,94,55,90,53,145,55,3,0,0,13,31,0,2,5,1,1,1466,42,35,,,,,35,21,549,,,,,,,,,,,,,,,,,,
"Germany","DE",2022,,,,,,,,,,,,,,,,,,,,,,,,,,,,,,,,,,,,,,,,,,,,,,,,,,,,,,,,,,,,,,,,,,,,,,,,,,,,,,,,,,,,,,,,,,,,,,,,,,,0,,,,,,,,,,,,,,,,,0,,,,,,,,,1066300,,109
"Ghana","GH",2022,11407,3692,820,527,64,0,282,,15919,16510,873,16792,11391,730,16,,1,221,175,,,241,,,,830,2041,2938,2473,1496,1184,10962,0,137,,,274,,,,547,879,1123,854,526,595,4524,0,827,60,11999,,,,,,16330,16330,213,200,0,5,3,3,0,,1,3,1,3,1,194,200,11391,730,180,33,,,11391,66,52,7,180,33,28,4,213,3,,,,,,,,,,1,15210,2108,2044,,,,,,,,,,,,,,0,,,,,,,,,,,
"Greece","GR",2022,,,,,,,,,,,,,,,,,,,,,,,,,,,,,,,,,,,,,,,,,,,,,,,,,,,,,,,,,,,,,,,,,,,,,,,,,,,,,,,,,,,,,,,,,,,,,,,,,,,,,,,,,,,,,,,,,,,,,,,,,,,,,,,
"Greenland","GL",2022,40,5,7,5,0,1,0,0,52,58,6,58,40,5,0,1,1,220,0,1,0,,,0,5,,12,4,4,7,5,37,0,1,0,0,,,1,2,,5,1,2,6,2,19,0,2,62,,43,5,7,,,58,0,0,0,0,0,0,0,0,,0,,0,,0,,0,29,2,0,0,,,29,2,0,0,0,0,0,0,,,,,,,,,,,,,,,,,,,,,,,,,,,,,,,,,,,,,,,,
"Grenada","GD",2022,1,0,0,0,0,0,0,,1,1,0,1,1,0,0,0,1,220,0,0,0,,,0,0,,1,0,0,0,0,1,0,0,0,0,,,0,0,,0,0,0,0,0,0,0,0,60,0,,,,,,1,1,0,0,0,0,0,0,0,,0,,0,,0,,0,0,0,0,0,,,,,,,,,,,0,0,,,,,,,,,,1,1,0,0,1,0,0,0,,,,,,,,,,0,,,,,,,,,,,
"Guam","GU",2022,54,5,0,0,0,0,0,,59,59,0,59,54,0,0,40,0,220,1,2,0,,,1,1,,2,2,6,10,12,34,0,2,0,1,,,0,0,,3,6,4,2,4,19,0,6,60,55,,,,,,58,57,1,1,0,0,0,0,0,,1,1,0,,0,,1,52,0,1,0,,,52,0,46,0,1,0,1,0,1,0,0,0,0,0,0,0,0,0,0,1,58,1,0,,,,,,,,,,,,,,0,,,,,,,,,,,
"Guatemala","GT",2022,2920,541,312,258,50,11,65,,3773,4092,384,4157,2920,258,0,0,1,220,94,97,43,,,100,254,,525,454,320,222,289,2164,5,84,82,25,,,79,144,,305,261,272,220,212,1493,5,425,60,2317,,,,,,4091,856,66,63,0,1,11,7,0,,1,2,1,3,1,60,63,2473,245,53,13,,,2473,245,41,13,53,13,16,3,66,11,0,0,0,0,0,0,0,0,11,1,4019,321,304,1,412,1,1,304,,,,,,,,,0,,,,,,,,,,,
"Guinea","GN",2022,11030,3054,5280,519,40,31,340,,19364,19954,930,20294,11030,519,0,,1,221,159,,,510,,,,2075,3149,2734,1903,1080,887,11828,0,121,,,425,,,,1474,1786,1375,1039,682,555,6911,0,1215,60,7509,,,,,,19960,19960,334,334,0,7,18,6,0,,0,,1,13,1,321,334,6579,414,237,97,,,94,108,78,86,80,97,78,83,171,18,,,,,,,,,,1,18012,3336,3291,0,,,,,,,,,,,,,0,,,,,,,,,,,
"Guinea-Bissau","GW",2022,2520,351,80,19,11,2,22,,2951,2983,54,3005,2520,41,0,0,1,221,19,,,49,,,,287,503,473,286,160,81,1790,0,10,,,36,,,,201,300,265,133,103,77,1079,0,114,0,,,,,,,3005,3005,,41,0,0,0,0,0,,3,,3,,3,,41,2520,19,0,0,,,0,0,0,0,0,0,0,0,0,0,0,0,0,0,0,0,0,0,0,1,2717,794,550,0,,,,,,,,,,,,,0,,,,,,,,,,,
"Guyana","GY",2022,187,150,23,22,8,0,49,,360,390,79,439,187,47,0,7,1,221,2,,,2,,,,30,54,64,66,34,26,274,,0,,,4,,,,17,15,30,14,19,13,108,,8,60,196,,,,,,436,436,,3,,,,,0,,0,,0,,0,,3,3,,3,,,,,,,,,,,,,,,,,,,,,,,1,313,47,47,1,8,1,0,47,,,,,,,40,47,0,,,,,,,,,,,
"Haiti","HT",2022,7912,1589,942,494,160,41,278,,10443,11138,973,11416,7905,564,7,0,1,220,246,91,111,,,573,653,,1883,1263,727,434,356,5889,0,234,107,134,,,523,564,,1270,884,494,323,268,4326,0,923,62,,4568,1749,5,,,11345,11341,71,69,0,0,0,0,0,,0,,1,69,0,,69,4231,440,53,18,,,53,18,53,18,53,18,53,18,27,0,0,0,0,0,0,0,0,0,0,1,10598,1544,1388,1,840,74,68,,,,,,,,,,0,,,,,,,,,,,
"Honduras","HN",2022,1806,145,193,138,11,4,32,,2144,2297,185,2329,1806,153,,0,1,221,4,,,28,,,,222,297,214,219,219,252,1423,0,7,,,19,,,,133,129,119,115,119,201,816,0,58,60,414,,,,,,2297,21,21,17,0,0,0,0,0,,0,,1,17,0,,17,1005,125,14,4,,,0,0,0,0,0,0,,0,0,0,0,0,0,0,0,0,0,0,0,1,2219,139,111,1,58,1,1,139,75,1151,,,,,879,1134,0,,,,,,,,,,,
"Hungary","HU",2022,,,,,,,,,,,,,,,,,,,,,,,,,,,,,,,,,,,,,,,,,,,,,,,,,,,,,,,,,,,,,,,,,,,,,,,,,,,,,,,,,,,,,,,,,,,,,,,,,,,,,,,,,,,,,,,,,,,,,,,,,,,,,,,
"Iceland","IS",2022,,,,,,,,,,,,,,,,,,,,,,,,,,,,,,,,,,,,,,,,,,,,,,,,,,,,,,,,,,,,,,,,,,,,,,,,,,,,,,,,,,,,,,,,,,,,,,,,,,,,,,,,,,,,,,,,,,,,,,,,,,,,,,,
"India","IN",2022,965360,602009,550583,119548,8221,8526,146440,,2117952,2254247,282735,2400687,965360,191730,0,0,1,220,20457,19999,25055,,,87707,129723,,236735,223252,233165,214132,172671,1297385,0,12401,14859,37631,,,114610,139102,,202593,120694,101478,84184,63799,826460,0,130402,62,,468170,63668,75812,,,2336508,2289778,51907,49831,0,1343,12269,11779,0,,1,319,1,28731,1,32560,61610,728182,158713,11669,47415,104231,45139,170210,58550,7041,26877,4199,21095,2504,15853,23846,12002,4,5,55,13,52,1042,8,8,10815,1,2168100,36481,35709,1,120144,655,394,,,,,,,,,,0,,,,,,,,,,,
"Indonesia","ID",2022,344212,294429,52796,11669,4910,642,15651,,691437,708658,32872,724309,290203,24125,54009,90,1,220,33341,16264,8068,,,17630,29718,,57814,61610,70097,66940,46949,350758,0,29498,14187,9278,,,22729,30452,,46041,41734,46191,37906,22211,247264,0,110636,62,,322299,92798,10358,,,711778,617949,11833,7745,0,58,672,715,0,,1,63,1,5455,1,2905,4833,231363,15959,7447,5010,7964,2563,3109,2250,1776,1509,3101,2237,1768,1496,6387,671,2,27,2,12,506,23,0,8,91,1,366038,14921,4399,1,32898,799,83,,,,,,,,,,0,,,,,,,,,,,
"Iran (Islamic Republic of)","IR",2022,4729,648,1492,290,46,56,152,,6869,7261,544,7413,4729,421,0,1658,1,220,51,38,28,,,123,252,,559,696,604,597,1083,3914,0,35,37,63,,,131,188,,374,311,368,543,1180,3095,0,252,60,216,,,,,,7377,7377,36,29,0,1,0,0,0,,0,,1,29,0,,29,2937,378,16,20,,,880,228,37,48,16,20,10,10,19,0,0,0,0,0,0,0,0,0,0,1,6797,132,131,,,,,131,,,,,,,,,0,,,,,,,,,,,
"Iraq","IQ",2022,2422,1040,2885,160,61,75,44,,6347,6643,340,6687,2422,194,0,46,,221,73,,,136,,,,546,831,706,579,334,441,3437,0,49,,,200,,,,597,485,432,415,348,471,2748,0,458,0,,,,,,,6510,6510,144,144,26,9,7,7,0,,0,,1,137,0,,177,1919,194,52,99,,,1919,194,14,19,52,99,12,16,151,7,,,,,,,,,,1,5953,1,,,,,,,,,,,,,,,0,,,,,,,,,,,
"Ireland","IE",2022,93,56,48,,,,19,0,197,197,19,216,68,15,25,107,1,220,1,1,0,,,4,8,,31,22,13,19,16,113,0,2,1,0,,,3,6,,28,11,10,8,9,75,0,5,62,,59,3,19,,,206,205,8,4,0,0,2,2,3,,3,,3,,3,,15,61,11,7,2,,,60,10,8,2,7,2,7,2,5,2,0,0,0,0,2,0,0,0,0,1,72,5,3,,,,,,,,,,,,,,0,,,,,,,,,,,
"Israel","IL",2022,96,46,60,1,0,0,4,0,202,203,5,207,,5,,59,1,220,9,3,2,,,4,2,,21,29,13,8,23,100,,9,2,1,,,4,3,,14,18,12,8,18,77,,26,0,,,,,,,194,192,11,11,,1,2,2,3,,3,,1,5,0,,,117,,9,,,,82,,16,,9,,9,,9,0,,,,,,,,,,,,,,,,,,,,,,,,,,,,,,,,,,,,,,
"Italy","IT",2022,,,,,,,,,,,,,,,,,,,,,,,,,,,,,,,,,,,,,,,,,,,,,,,,,,,,,,,,,,,,,,,,,,,,,,,,,,,,,,,,,,,,,,,,,,,,,,,,,,,,,,,,,,,,,,,,,,,,,,,,,,,,,,,
"Jamaica","JM",2022,48,35,0,0,0,0,0,,83,83,0,83,48,0,0,,,221,0,,,1,,,,6,23,13,12,4,6,64,,2,,,1,,,,2,0,3,4,4,2,15,,4,60,23,,,,,,83,83,0,0,0,0,0,0,0,,0,,0,,0,,0,48,0,0,0,,,0,0,0,0,0,0,0,0,0,0,,,,,,,,,,1,58,10,10,1,2,1,1,,,,,,,,,,0,,,,,,,,,,,
"Japan","JP",2022,,,,,,,,,,,,,,,,,,,,,,,,,,,,,,,,,,,,,,,,,,,,,,,,,,,,,,,,,,,,,,,,,,,,,,,,,,,,,,,,,,,,,,,,,,,,,,,,,,,,,,,,,,,,,,,,,,,,,,,,,,,,,,,
"Jordan","JO",2022,87,27,111,0,0,2,9,,225,227,11,236,87,9,0,31,1,222,,,,,8,,,9,25,19,17,16,14,100,0,,,,,13,,,21,35,25,10,7,8,106,0,21,62,,87,21,1,,,231,231,5,4,1,0,0,0,0,,0,,0,,0,,5,67,1,4,1,,,62,1,4,0,4,1,2,0,5,0,,,,,,,,,,0,227,3,3,,,,,,,,,,,,,,0,,,,,,,,,,,
"Kazakhstan","KZ",2022,5874,572,906,2337,235,85,194,4,7352,10009,2851,10203,5874,2527,0,155,1,220,44,28,50,,,252,286,,837,1399,1414,1134,704,6026,0,41,40,90,,,250,295,,712,644,499,472,818,3690,0,293,60,9974,,,,,,5887,5856,3033,3022,760,57,534,534,0,,0,,0,,1,518,518,5874,2523,1967,1461,2337,1339,5874,2523,2503,1654,1967,1461,1604,1297,,517,,,,,,,,,,1,9829,645,552,,,,,552,,,,,,,,,0,,,,,,,,,,,289
"Kenya","KE",2022,42828,30168,10379,3077,1974,264,2153,,83375,88690,7468,90843,42818,3200,10,0,1,221,3239,,,2027,,,,8012,13379,13962,8774,4457,3860,52444,,2971,,,2011,,,,5368,6672,5763,3748,2161,2286,25998,,10248,62,,26374,8464,2554,,,89599,62688,236,331,12,13,8,8,0,,0,,1,319,0,,115,23871,1980,138,54,,,241,181,203,149,38,28,0,1,20,1,0,0,1,0,0,0,0,0,0,1,82769,19906,19308,1,9226,985,955,,,,,,,,52099,109563,0,,,,,,,,,,,
"Kiribati","KI",2022,193,57,100,7,3,0,4,,350,360,14,364,193,7,0,0,1,221,14,,,18,,,,31,30,27,44,19,16,167,,8,,,15,,,,48,22,23,19,20,6,138,,55,62,,194,34,20,,,363,363,1,1,0,1,0,0,0,,1,1,0,,0,,1,187,7,1,0,,,,,,,,,,,,,,,,,,,,,,1,217,0,0,,,,,,,,,,,,,,0,,,,,,,,,,,
"Kosovo","XA",2022,186,256,141,20,7,5,0,,583,615,32,615,,,,,1,221,9,,,11,,,,45,57,39,43,69,67,320,,5,,,8,,,,30,35,33,43,42,79,262,,33,60,,,,,,,0,0,0,0,0,0,0,0,0,,0,,0,,0,,0,,,,,,,,,,,,,,,,,,,,,,,,,,1,387,0,0,,,,,,,,,,,,,,,,,,,,,,,,,
"Kuwait","KW",2022,303,79,175,4,0,0,0,,557,561,4,561,303,4,0,495,1,221,1,,,4,,,,14,69,92,118,43,21,357,,2,,,4,,,,9,66,53,35,19,11,193,,11,62,,275,58,112,,,556,556,2,2,0,0,3,3,0,,0,,1,5,,,5,307,4,5,0,,,307,4,21,0,5,0,4,0,5,3,,,,,,,,,,1,,4,4,,,,,,,,,,,,,,0,,,,,,,,,,,
"Kyrgyzstan","KG",2022,2173,1042,827,328,155,43,549,147,4042,4568,1075,5117,2173,701,0,0,1,221,47,,,136,,,,463,440,387,408,424,293,2415,0,34,,,116,,,,346,461,224,219,242,328,1820,0,333,60,3850,,,,,,4181,4077,702,643,96,69,135,116,0,,1,96,1,699,1,60,748,2092,654,486,295,302,137,2092,,768,,486,,450,,749,114,4,8,0,9,93,0,0,,0,1,4568,124,102,,,,,,,,,,,,,,0,,,,,,,,,,,176
"Lao People's Democratic Republic","LA",2022,5061,2576,459,260,170,8,79,,8096,8534,517,8613,5061,300,0,63,1,221,11,,,40,,,,422,863,890,1009,1246,1205,5635,1,15,,,29,,,,237,288,391,536,650,701,2803,0,95,62,,5284,2628,369,,,8561,8561,52,41,0,0,0,0,0,,0,,0,,1,35,35,5061,300,19,33,,,,,,,,,,,41,0,0,0,0,0,0,0,0,0,0,1,7627,343,235,,,,,,,,1565,10130,613,1704,,,0,,,,,,,,,,,
"Latvia","LV",2022,259,20,17,9,1,0,13,2,296,306,23,319,248,20,11,40,1,220,1,1,1,,,3,9,,22,42,59,41,37,213,0,1,1,0,,,4,2,,17,10,22,16,17,88,0,5,62,,245,0,10,,,289,226,27,17,0,0,3,1,0,,0,,0,,1,27,30,217,16,26,3,,,217,16,57,6,26,3,26,3,26,3,0,0,0,0,2,1,0,0,0,1,306,28,,,,,,,,,,,,,,,0,,,,,,,,,,,
"Lebanon","LB",2022,271,34,203,2,0,0,6,,508,510,8,516,271,4,0,249,1,220,6,7,7,,,14,16,,53,38,28,15,24,188,0,6,8,20,,,22,49,,83,46,22,23,23,268,0,54,62,,251,19,43,,,511,510,2,2,1,0,1,1,0,,0,,1,3,1,1,4,246,4,3,0,,,68,4,2,0,3,0,1,0,3,1,0,0,0,0,1,0,0,0,0,1,330,1,0,,,,,,,,,,,,,,0,,,,,,,,,,,
"Lesotho","LS",2022,2891,1424,393,493,345,53,71,,4708,5599,962,5670,2891,536,0,,1,220,96,49,30,,,49,127,,598,784,620,527,805,3510,,92,35,40,,,71,133,,414,394,293,172,270,1747,,342,60,5120,,,,,,5563,5529,107,134,0,0,3,3,0,,0,,1,25,1,109,134,2648,458,81,21,,,2648,458,9,0,81,21,9,0,102,3,,,,,,,,,,1,5388,3017,2872,1,303,65,62,,,,,,,,,,0,,,,,,,,,,,
"Liberia","LR",2022,4230,1125,1581,89,17,31,137,,6936,7073,274,7210,4200,89,30,,1,221,275,,,207,,,,653,1002,878,638,350,205,3726,0,235,,,233,,,,509,496,479,396,268,163,2311,0,950,60,2231,,,,,,7085,7085,122,122,3,8,0,0,0,,0,,1,2,1,23,125,74,48,74,48,,,74,48,0,0,74,48,,0,0,0,,,,,,,,,,0,6168,687,622,0,,,,,,,,,,,,,0,,,,,,,,,,,
"Libya","LY",2022,1084,211,863,10,0,0,71,,2158,2168,81,2239,1084,53,0,446,0,221,11,,,40,,,,498,462,214,138,86,69,1467,0,5,,,51,,,,147,135,107,81,52,62,584,0,107,60,,,,,,,,,18,17,0,0,1,1,0,,0,,1,1,1,17,3,,,,,,,,,,,,,,,,,,,,,,,,,,1,1987,23,,,,,,,,,,,,,,,0,,,,,,,,,,,
"Lithuania","LT",2022,535,39,53,97,0,0,14,0,627,724,111,738,535,111,0,14,1,220,3,3,2,,,7,18,,38,81,155,142,76,517,0,0,1,6,,,3,5,,28,35,38,36,47,192,0,15,62,,0,0,0,,,623,623,91,40,0,0,24,24,,,,,,,,,,535,111,81,32,,,535,111,124,39,81,32,76,32,63,24,0,1,1,1,12,7,0,0,2,1,695,19,,,,,,,,,,,,,,,,,,,,,,,,,,
"Luxembourg","LU",2022,31,2,14,0,0,0,1,0,47,47,1,48,1,1,30,43,1,220,0,0,1,,,2,3,,10,7,6,4,0,32,0,0,0,0,,,1,2,,3,1,1,3,3,14,0,1,62,,17,0,5,,,47,47,1,0,0,0,0,0,,,,,,,,,,1,1,0,0,,,1,1,0,0,0,0,0,0,0,0,0,0,0,0,0,0,0,0,0,1,32,1,,,,,,,,,,,,,,,0,,,,,,,,,0,0,0
"Madagascar","MG",2022,28870,5032,9229,1605,254,255,641,,43131,45245,2755,45886,28870,1871,0,0,1,221,841,,,1538,,,,4487,5672,5151,4269,3066,1857,24502,0,780,,,1568,,,,4324,4078,3051,2211,1443,909,16016,0,4727,60,5176,,,,,,45245,45245,139,85,0,3,1,1,0,,0,,0,,1,85,71,4824,1104,87,52,,,233,329,13,15,51,41,13,12,49,1,0,0,0,0,1,0,0,0,0,1,27224,638,512,,,,,,,,,,,,,,0,,,,,,,,,,,
"Malawi","MW",2022,7045,2981,6210,818,462,509,230,,16236,18025,2019,18255,7045,970,0,0,1,221,329,,,498,,,,1017,2253,2945,1869,1009,1000,10093,0,290,,,399,,,,878,1391,1650,1148,750,599,6416,0,1516,60,9891,,,,,,18146,18146,104,97,16,8,5,4,0,,0,,1,94,1,17,117,4232,772,59,41,,,,,,,,,,,62,5,,,,,,,,,,1,17982,8713,8691,0,,,,,,,,,,,,,0,,,,,,,,,,,
"Malaysia","MY",2022,14330,5715,3404,839,338,169,596,,23449,24795,1942,25391,14330,1236,0,3810,1,220,307,99,144,,,495,1067,,2758,2838,3016,2780,2572,15526,0,255,126,212,,,597,890,,1691,1379,1251,1129,1189,8126,0,1143,60,1733,,,,,,25187,25187,153,123,0,2,5,5,0,,0,,1,15,0,,0,11513,786,103,35,,,11510,786,311,59,100,35,53,15,108,5,,,,,4,1,,,,1,23524,1047,346,,,,,346,,,,,,,,,0,,,,,,,,,,,
"Maldives","MV",2022,37,0,74,0,0,0,0,,111,111,0,111,37,0,0,27,1,222,,,,,2,,,6,24,20,9,8,8,75,0,,,,,4,,,5,7,8,3,2,5,30,0,6,60,41,,,,,,110,110,1,1,0,0,0,0,0,,0,,0,,0,,0,28,0,0,0,,,0,0,0,0,0,0,0,0,0,0,0,0,0,0,0,0,0,0,0,1,86,0,0,,,,,0,0,1,,,,,0,0,0,,,,,,,,,,,
"Mali","ML",2022,5082,1122,1421,183,75,14,199,,7625,7897,471,8096,5082,382,0,0,1,221,45,,,110,,,,670,1181,1020,829,707,643,5050,0,39,,,118,,,,448,605,497,386,316,283,2535,0,312,62,,2299,,32,,,8034,8034,62,45,0,1,0,0,0,,0,,0,,1,45,45,2606,331,41,21,,,14,11,7,8,14,11,7,8,18,0,0,0,0,0,0,0,0,0,0,1,6377,560,543,,,,,543,320,10411,,,5214,10411,,,0,,,,,,,,,,,
"Malta","MT",2022,31,14,15,0,0,0,1,0,60,60,1,61,31,1,0,55,1,220,0,0,0,,,2,6,,18,5,4,2,5,42,0,1,0,0,,,0,2,,5,7,3,0,0,17,0,1,62,,0,0,0,,,59,59,2,0,0,0,0,0,0,,3,,3,,3,,1,31,1,2,0,,,31,1,3,0,2,0,1,0,0,0,0,0,0,0,0,0,0,0,0,1,60,0,0,,,,,,,,,,,,,,0,,,,,,,,,,,
"Marshall Islands","MH",2022,28,42,30,1,1,0,1,,100,102,3,103,28,1,0,0,1,221,7,,,3,,,,3,7,8,12,5,3,38,0,2,,,10,,,,13,4,5,6,12,2,42,0,22,62,,28,29,24,,,102,0,1,1,0,0,0,0,0,,1,1,0,,0,,1,27,1,0,1,,,0,1,0,1,0,1,0,1,1,0,0,0,0,0,0,0,0,0,0,1,101,0,0,,,,,,,,,,,,,,0,,,,,,,,,,,
"Mauritania","MR",2022,1228,481,712,31,5,6,6,,2421,2463,48,2469,1209,37,19,30,1,222,,,,,48,,,279,336,245,217,226,229,1532,10,,,,,59,,,210,155,152,119,106,87,829,3,107,0,,,,,,,2427,2427,17,17,0,0,0,0,0,,0,,0,,1,17,0,1,56,0,17,,,0,17,0,0,0,17,0,0,0,0,0,0,0,0,0,0,0,0,0,1,1557,27,27,,,,,,,,,,,,,,0,,,,,,,,,,,
"Mauritius","MU",2022,113,0,4,3,0,0,3,,117,120,6,123,113,6,0,16,1,220,0,0,0,,,3,4,,22,22,17,20,7,95,0,0,0,1,,,1,2,,5,2,3,4,7,24,0,1,60,120,,,,,,121,121,2,2,0,0,0,0,0,,0,,1,2,0,,2,113,6,2,0,,,113,6,113,6,2,0,2,0,0,0,0,0,0,0,0,0,0,0,0,1,120,20,20,,,,,,,,,,,,,,0,,,,,,,,,,,
"Mexico","MX",2022,14734,4794,4631,943,216,131,1062,,24159,25449,2352,26511,14643,1709,91,16,1,220,148,94,140,,,705,1254,,2933,2820,3074,2524,2381,15691,0,101,83,171,,,532,816,,1497,1440,1700,1525,1511,9021,0,737,60,5410,,,,,,25946,24494,455,270,7,2,8,10,0,,0,,1,241,0,,241,3776,1029,262,193,,,538,262,195,105,262,193,84,66,246,8,0,0,0,0,8,0,0,0,0,1,20333,2517,1460,1,344,19,,,,,,,,,,,0,,,,,,,,,,,
"Micronesia (Federated States of)","FM",2022,24,17,7,0,0,0,0,,48,48,0,48,24,0,0,2,1,220,3,1,0,,,2,2,,4,2,4,2,3,19,0,4,1,1,,,0,3,,4,7,2,2,1,19,0,10,60,43,,,,,,48,48,0,0,0,0,0,0,0,,0,,0,,0,,0,24,0,0,0,,,0,0,0,0,0,0,0,0,0,0,0,0,0,0,0,0,0,0,0,1,44,0,0,,,,,,,,,,,,,,0,,,,,,,,,,,
"Monaco","MC",2022,,,,,,,,,,,,,,,,,,,,,,,,,,,,,,,,,,,,,,,,,,,,,,,,,,,,,,,,,,,,,,,,,,,,,,,,,,,,,,,,,,,,,,,,,,,,,,,,,,,,,,,,,,,,,,,,,,,,,,,,,,,,,,,
"Mongolia","MN",2022,1327,372,655,282,77,90,115,,2354,2803,564,2918,1327,382,0,0,1,221,20,,,66,,,,222,281,360,345,249,99,1556,,28,,,64,,,,214,298,180,152,135,90,1069,,178,60,2304,,,,,,2645,2645,145,134,5,3,153,140,0,,1,10,1,42,1,93,15,1327,382,93,33,282,33,1327,382,62,46,93,33,19,18,97,6,,,,,,,,,,1,2538,0,0,,,,,,0,19,0,254,0,19,0,0,0,,,,,,,,,,,
"Montenegro","ME",2022,51,4,7,8,1,0,0,0,62,71,9,71,51,8,0,5,1,222,,,,,0,,,4,11,5,10,10,8,48,1,,,,,0,,,4,2,2,4,2,8,22,0,0,60,68,,,,,,71,0,0,0,0,0,0,0,0,,0,,0,,0,,0,51,8,0,0,,,51,8,3,3,0,0,0,0,0,0,0,0,0,0,0,0,0,0,0,0,66,2,1,,,,,,,,,,,,,,0,,,,,,,,,,,1
"Montserrat","MS",2022,,,,,,,,,,,,,,,,,,,,,,,,,,,,,,,,,,,,,,,,,,,,,,,,,,,,,,,,,,,,,,,,,,,,,,,,,,,,,,,,,,,,,,,,,,,,,,,,,,,,,,,,,,,,,,,,,,,,,,,,,,,,,,,
"Morocco","MA",2022,13389,1835,13848,962,86,383,936,,29072,30503,2367,31439,13384,1736,5,57,1,221,259,,,858,,,,3523,4629,3089,2194,1895,1778,17108,0,213,,,993,,,,2751,2631,1757,1340,1285,1308,11072,0,2323,60,8749,,,,,,21754,21754,180,178,1,3,9,9,0,,0,,1,74,1,85,0,7787,1736,99,90,,,353,164,81,98,99,90,64,66,161,9,,,,,,,,,,1,16626,266,236,,,,,236,,,,,123,1413,,,0,,,,,,,,,,,
"Mozambique","MZ",2022,44268,58230,3471,1428,2504,183,590,,105969,110084,4705,110674,44229,1680,39,,1,223,2076,,,4910,,,,,,,,,,50739,,1859,,,4747,,,,,,,,,,45753,,13592,60,86647,,,,,,109233,109233,1251,1193,190,100,69,54,0,,0,,1,1370,1,67,1383,36268,1378,983,268,1214,1,649,786,212,303,228,268,145,168,581,69,4,9,0,9,47,0,0,0,0,0,110295,27957,27368,1,13585,1510,1477,,,,,,,,,,0,,,,,,,,,,,
"Myanmar","MM",2022,43023,53740,9267,5686,6121,474,1681,,106030,118311,13962,119992,43018,7039,5,10,1,221,6542,,,5801,,,,6313,10439,11820,11597,10082,9403,59654,0,4722,,,5602,,,,6661,7045,5410,5483,5512,5879,35990,0,22667,60,75056,,,,,,117302,117302,2456,2102,13,20,234,226,0,,1,57,1,1427,1,523,1466,34104,6973,1331,1359,5196,828,48,46,17,28,16,16,12,13,2564,234,,,,,41,,,,193,1,104315,6271,4502,1,16239,307,198,,,,,,,,,,0,,,,,,,,,,,
"Namibia","NA",2022,4809,1274,1086,1027,296,128,249,,7169,8620,1700,8869,4808,1235,1,678,,220,350,97,79,,,161,350,,1204,1273,865,443,389,4685,0,324,110,102,,,184,331,,756,653,419,268,262,2873,0,1062,60,6626,,,,,,8604,8604,249,239,13,34,3,3,0,,1,14,1,104,1,137,255,4299,1083,184,65,,,,,,,,,,,,,,,,,,,,,,1,8550,2580,2558,1,1047,71,71,,536,9045,,,,,180666,187595,0,,,,,,,,,,,
"Nauru","NR",2022,12,7,0,,,,1,,19,19,1,20,12,1,0,4,,220,1,,1,,,,3,,2,4,1,1,1,12,,,,,,,,2,,1,1,,1,,5,,2,62,,12,7,0,,,0,0,0,0,0,0,0,0,0,,0,,0,,0,,0,12,1,0,0,,,,,,,,,,,,,,,,,,,,,,,,,,,,,,,,,,,,,,,,,,,,,,,,,,
"Nepal","NP",2022,19501,5455,10212,1745,181,257,510,,35168,37351,2693,37861,19479,2127,22,,1,221,995,,,703,,,,3400,3248,3024,3386,3387,4775,21220,32,944,,,640,,,,2886,2568,1666,1573,1678,2367,12738,79,3282,60,19151,,,,,,32548,13949,942,579,,8,145,102,0,,0,,1,340,0,,,15583,1659,791,151,1255,115,464,566,57,37,30,16,27,12,433,127,,,,,,,,,,0,28171,217,211,,,,,,179,2752,,,,,,,0,,,,,,,,,,,
"Netherlands (Kingdom of the)","NL",2022,317,39,252,11,1,5,10,0,608,625,27,635,316,19,1,509,1,220,7,3,3,,,31,29,,84,68,54,51,58,375,0,3,1,4,,,15,24,,54,51,35,26,24,229,0,21,62,,311,19,176,,,626,499,5,1,0,0,4,3,3,,3,,3,,3,,,290,17,6,2,,,290,17,23,4,6,2,6,2,7,4,0,0,0,0,0,0,0,0,4,1,373,17,11,,,,,,,,,,,,,,0,,,,,,,,,,,
"New Caledonia","NC",2022,,,,,,,,,,,,,,,,,,,,,,,,,,,,,,,,,,,,,,,,,,,,,,,,,,,,,,,,,,,,,,,,,,,,,,,,,,,,,,,,,,,,,,,,,,,,,,,,,,,,,,,,,,,,,,,,,,,,,,,,,,,,,,,
"New Zealand","NZ",2022,152,10,103,0,0,2,3,,265,267,5,270,151,0,1,225,1,220,2,1,0,,,4,3,,32,33,15,15,29,131,0,5,2,2,,,0,8,,39,27,15,11,24,124,0,12,,,,,,,,,,,,,,,,,,,,,,,,,,,,,,,,,,,,,,,,,,,,,,,,,,1,260,2,,,,,,,,,,,,,,,0,,,,,,,,,,,
"Nicaragua","NI",2022,1536,306,164,74,18,4,70,,2006,2102,166,2172,1536,144,,0,1,222,,,,,53,,,214,317,265,183,139,138,1256,0,,,,,51,,,146,157,139,96,117,87,742,0,104,,,,,,,,,,31,30,1,0,1,1,,,,,,,,,,22,9,22,9,,,,,,,,,,,,,,,,,,,,,,1,2090,129,124,1,104,1,1,124,,,,,,,0,0,0,,,,,,,,,,,
"Niger","NE",2022,11275,955,1784,409,,,237,,14014,14423,646,14660,11275,646,,,,221,128,,,223,,,,1518,2750,2292,1490,1096,1050,10196,,127,,,159,,,,658,777,708,504,482,461,3590,,637,60,2489,,,,,,14526,14526,134,121,0,2,1,1,0,,0,,0,,1,121,121,2265,577,74,60,,,7,30,5,27,7,30,5,27,112,1,,,,,,,,,,0,10140,368,236,,,,,,,,2403,25243,1080,2144,,,0,,,,,,,,,,,
"Nigeria","NG",2022,222279,51621,3471,3604,1153,56,3377,,277371,282184,8190,285561,222188,5692,91,0,1,221,3026,,,7607,,,,19521,35462,38348,29309,17216,12952,152808,0,2784,,,6924,,,,18152,27514,25755,18093,11060,8335,108909,0,20341,60,192088,,,,,,281647,281647,3867,3123,0,120,65,62,0,,1,32,1,32,1,3121,3185,182036,5498,3775,,3424,,181971,,672,,3775,,580,,3195,39,,,,,,,,,,1,274247,15684,14322,0,,,,,,,,,,,,,0,,,,,,,,,,,
"Niue","NU",2022,,,,,,,,,,,,,,,,,,,,,,,,,,,,,,,,,,,,,,,,,,,,,,,,,,,,,,,,,,,,,,,,,,,,,,,,,,,,,,,,,,,,,,,,,,,,,,,,,,,,,,,,,,,,,,,,,,,,,,,,,,,,,,,
"North Macedonia","MK",2022,110,4,17,11,0,2,,2,131,144,13,144,109,11,1,3,1,221,0,,,1,,,,12,11,19,25,17,16,100,0,3,,,3,,,,6,7,6,4,5,9,37,0,7,62,,110,4,17,,,140,140,4,4,0,0,0,0,0,,0,,1,4,0,,4,106,10,2,2,,,2,2,0,1,2,2,0,1,0,0,0,0,0,0,0,0,0,0,0,0,0,0,0,,,,,,,,,,,,,,1,0,2022,0,0,,,,,,,5
"Northern Mariana Islands","MP",2022,14,5,0,2,2,0,0,,19,23,4,23,14,2,0,17,1,220,0,0,0,,,0,0,,0,2,5,6,4,17,,,,,,,,,,,1,3,2,,6,,0,62,,16,7,0,,,22,22,1,1,0,0,1,0,0,,1,1,0,,0,,1,14,2,1,0,,,14,2,3,0,1,0,1,0,1,0,0,0,0,0,0,0,0,0,0,1,23,0,0,,,,,,,,,,,,,,0,,,,,,,,,,,
"Norway","NO",2022,101,6,49,,,,21,1,156,156,21,177,101,11,0,159,1,220,4,0,0,,,3,7,,14,15,9,11,12,71,0,3,1,0,,,3,3,,17,26,7,11,10,77,0,8,62,,96,2,42,,,165,156,10,9,0,0,2,2,0,,1,2,1,12,0,,12,96,7,8,1,,,92,7,11,1,7,1,7,1,8,2,0,0,0,0,0,1,0,0,1,1,123,3,,,,,,,,,,,,,,,0,,,,,,,,,,,
"occupied Palestinian territory, including east Jerusalem","PS",2022,15,0,6,0,0,0,0,,21,21,0,21,15,0,0,0,,220,1,0,0,,,0,2,,1,4,2,2,1,12,0,0,0,1,,,0,0,,1,1,0,4,1,7,0,2,0,,,,,,,0,0,0,0,0,0,0,0,0,,0,,0,,0,,,0,0,0,0,,,0,0,0,0,0,0,0,0,0,0,0,0,0,0,0,0,0,0,0,1,21,0,0,,,,,,,,,,,,,,0,,,,,,,,,,,
"Oman","OM",2022,308,6,50,3,0,2,0,,364,369,5,369,296,3,12,268,1,221,2,,,0,,,,29,66,68,38,20,32,253,0,0,,,2,,,,14,41,28,9,12,8,112,0,4,60,323,,,,,,362,359,5,5,0,0,2,2,0,,0,,1,0,0,,7,296,3,4,0,,,296,3,18,2,4,0,4,0,4,0,,,,,,,,,,1,363,7,5,,,,,7,,,,,3,217,,,0,,,,,,,,,,,
"Pakistan","PK",2022,168959,168420,74736,8860,2823,768,3997,,412115,424566,16448,428563,168746,11396,213,0,1,221,14737,,,15033,,,,34998,32692,32033,33659,30970,29941,194293,0,11174,,,17901,,,,40185,32774,28661,26380,23201,20227,171428,0,58845,60,267368,,,,,,424951,424951,3440,2767,13,159,1074,902,0,,1,57,1,2678,1,911,3682,121358,9616,4027,487,7265,336,3309,785,1546,437,1581,467,1295,364,3121,1074,5,1,0,26,356,2,0,1,683,1,260671,949,751,,,,,,,,,,,,,,0,,,,,,,,,,,
"Palau","PW",2022,7,0,0,0,0,0,,,7,7,0,7,7,0,0,2,0,220,0,0,1,,,0,0,,0,1,0,0,1,2,,0,0,0,,,0,1,,0,0,0,1,2,4,,1,60,0,,,,,,7,7,0,0,0,0,0,0,0,,0,,0,,0,,0,7,0,0,0,,,7,0,0,0,0,0,0,0,0,0,0,0,0,0,0,,0,0,,1,7,0,0,,,,,,,,,,,,,,0,,,,,,,,,,,
"Panama","PA",2022,955,324,246,75,30,15,110,,1525,1645,230,1755,955,120,0,53,1,221,36,,,37,,,,168,277,177,141,126,108,997,,30,,,28,,,,101,103,99,87,64,63,517,,131,60,772,,,,,,1712,1712,35,35,0,1,4,4,0,,0,,1,30,1,9,39,589,73,26,9,,,234,66,12,4,26,9,2,2,18,4,0,0,0,0,0,0,0,0,4,1,1579,332,324,1,131,6,6,317,,,720,19001,578,2084,,,0,,,,,,,,,,,
"Papua New Guinea","PG",2022,7038,11506,15321,389,516,470,1404,,33865,35240,2779,36644,7025,672,13,,1,221,2059,,,2512,,,,3611,3709,2469,2092,1547,625,14053,33,1667,,,2346,,,,3454,3582,2278,1700,1136,388,12538,32,8584,60,11825,,,,,,36644,36644,656,549,18,76,9,9,0,,0,,1,377,0,,,,,,,,,,,,,,,,,144,9,0,0,0,2,7,0,0,0,0,0,22351,1237,1082,,,,,,,,,,,,,,0,,,,,,,,,,,
"Paraguay","PY",2022,2051,584,273,289,45,8,329,,2908,3250,671,3579,2051,528,0,58,1,220,35,12,29,,,94,309,,713,436,299,267,251,2369,0,18,20,17,,,62,92,,184,123,101,86,102,750,0,131,60,2352,,,,,,3562,3368,15,14,2,2,0,0,0,,0,,1,16,0,,16,1735,472,4,2,,,741,225,0,3,2,2,0,2,1,0,0,0,0,0,0,0,0,0,0,1,2776,224,205,1,88,2,0,,72,1496,25,11891,8,1496,,,0,,,,,,,,,,,
"Peru","PE",2022,16787,4173,4583,2066,531,199,1202,,25543,28339,3998,29541,16787,2962,0,431,1,220,153,119,272,,,1347,2204,,4558,2729,2123,1937,2516,17414,0,146,122,288,,,846,1132,,2325,1504,1258,1103,1657,9825,0,1100,62,,6002,1202,1162,,,27055,26797,1787,1773,557,71,142,137,0,,0,,1,136,0,,2147,12331,2264,992,425,1477,138,12331,2264,1237,429,992,425,653,319,1052,110,0,1,0,1,42,2,0,2,62,1,26212,1707,910,1,938,20,9,,,,,,,,,,0,,,,,,,,,,,
"Philippines","PH",2022,188243,184265,7851,19400,35589,542,9097,,380359,435890,64628,444987,188243,24366,0,74,1,220,7600,6404,4029,,,12213,21540,,42889,45223,52135,48364,41755,264119,1659,6086,5110,3071,,,7798,12778,,22616,20876,23235,24136,25508,136947,865,32300,60,332418,,,,,,435143,399283,7494,7456,481,95,93,93,0,,1,80,1,2880,1,5070,8030,172077,23300,4889,4930,18531,3239,591,908,410,729,585,895,407,719,1491,55,,,,,,,,,,1,264506,2202,2202,1,1585,4,4,,,,,,,,,,0,,,,,,,,,,,
"Poland","PL",2022,3065,525,152,199,44,1,274,32,3742,3986,518,4260,3065,437,0,291,1,220,7,6,4,,,31,64,,286,551,678,685,606,2901,0,5,6,13,,,27,42,,148,179,142,164,342,1044,0,41,62,,1604,0,52,,,4160,0,89,0,0,0,11,0,0,,0,,1,51,0,,,2620,346,61,33,,,2618,345,161,44,61,32,56,31,42,10,0,0,0,1,3,2,0,0,4,,,,,,,,,,,,,,,,,,,,,,,,,,,519517,36710,440
"Portugal","PT",2022,829,138,382,37,4,17,35,8,1349,1407,93,1442,829,59,0,419,1,220,12,8,4,,,22,39,,137,128,176,189,208,899,1,13,3,10,,,15,25,,86,65,77,56,133,457,0,50,62,,422,20,112,,,1432,1430,10,5,0,0,0,0,0,,0,,1,0,1,5,5,399,20,8,2,,,399,20,32,2,8,2,7,2,5,0,0,0,0,0,0,0,0,0,0,1,958,101,,,,,,,,,,,,,,,0,,,,,,,,,,,59
"Puerto Rico","PR",2022,19,0,2,0,0,0,1,,21,21,1,22,19,0,0,4,1,220,0,0,0,,,0,1,,3,1,1,3,7,16,0,0,0,0,,,0,0,,1,0,1,0,3,5,0,0,60,10,,,,,,22,21,0,0,0,0,0,0,0,,0,,0,,0,,0,19,0,0,0,,,19,0,0,0,0,0,0,0,0,0,0,0,0,0,0,0,0,0,0,1,21,3,1,1,0,0,0,,,,,,,,,,0,,,,,,,,,,,
"Qatar","QA",2022,369,35,468,0,0,0,0,,872,872,0,872,369,0,0,855,,221,0,,,1,,,,58,253,193,106,29,7,646,0,0,,,2,,,,19,103,69,22,7,3,223,0,3,60,837,,,,,,860,,11,11,0,0,1,1,0,,1,1,1,11,0,,12,369,0,12,0,,,369,,11,,12,,11,,9,1,,,,,,,,,,1,872,3,3,,,,,,,,,,,,,,0,,,,,,,,,,,
"Republic of Korea","KR",2022,10603,2084,3915,1665,383,478,1255,,16602,19128,3781,20383,10407,2182,196,1072,1,220,4,2,14,,,66,139,,591,799,1532,2530,6004,11661,0,2,0,5,,,57,144,,507,567,734,840,4591,7440,0,27,62,,8096,1206,1614,,,19823,0,491,491,0,0,69,69,3,,1,,1,560,3,,,10407,2182,291,195,,,10407,2182,807,267,291,195,191,139,486,61,0,2,0,0,58,0,0,0,1,,,,,,,,,,,,,,,,,,0,,,,,,,,,,,
"Republic of Moldova","MD",2022,1096,330,159,327,191,18,70,54,1585,2121,606,2191,1096,327,0,20,1,220,16,7,18,,,15,51,,224,457,406,282,116,1551,0,17,11,14,,,21,19,,105,114,83,61,84,487,0,83,60,1941,,,,,,1821,1786,370,409,78,13,70,69,0,,0,,1,362,1,125,487,1096,327,238,190,251,190,936,313,214,178,189,152,188,152,428,70,6,4,0,8,52,0,0,0,0,1,2047,235,215,,,,,215,108,921,,,,,254,263,0,,,,,,,,,36554,36554,209
"Romania","RO",2022,5790,599,1061,1226,85,57,452,19,7450,8818,1820,9270,5790,1651,0,51,1,220,62,46,52,,,141,258,,676,1131,1807,1225,919,6157,0,47,52,67,,,113,183,,401,394,390,240,614,2335,0,326,62,,3587,132,276,,,9000,8860,254,39,0,0,16,16,0,,0,,1,153,0,,40,5025,1395,125,142,,,4556,1246,187,170,114,136,81,119,55,16,0,0,0,0,0,0,0,0,16,1,7362,130,,,,,,,,,,,,,,,0,,,,,,,,,,,
"Russian Federation","RU",2022,23498,16840,3847,6390,4758,573,19683,8414,44185,55906,31404,75589,23498,17364,0,1711,1,221,249,,,573,,,,1496,5945,13912,9486,5672,2775,39286,318,307,,,613,,,,1178,3020,3429,2792,1790,2331,14540,20,1742,60,47727,,,,,,,47416,12854,18006,5104,498,7346,5575,3,,3,,3,,1,264,,21985,16378,8023,11022,5759,3447,21985,16378,9818,11771,8023,11022,7511,10531,17527,6191,38,29,63,159,1667,1219,14,136,2866,1,55225,14191,11088,1,1646,33,30,,,,,,,,,,,,,,,,,,,,,
"Rwanda","RW",2022,4587,624,1276,405,49,39,135,,6487,6980,628,7115,4580,523,7,0,,220,155,25,27,,,111,535,,1413,1385,631,555,353,4983,0,129,19,45,,,93,169,,384,345,258,156,182,1587,0,400,62,,3782,201,393,,,7056,6979,61,61,2,1,0,0,0,,0,,1,1,1,59,63,4080,474,44,16,,,,,,,,,,,53,0,0,0,0,0,0,0,0,0,0,1,6955,921,763,,,,,,278,11424,,,,,97202,99751,0,,,,,,,,,,,
"Saint Kitts and Nevis","KN",2022,,,,,,,,,,,,,,,,,,,,,,,,,,,,,,,,,,,,,,,,,,,,,,,,,,,,,,,,,,,,,,,,,,,,,,,,,,,,,,,,,,,,,,,,,,,,,,,,,,,,,,,,,,,,,,,,,,,,,,,,,,,,,,,
"Saint Lucia","LC",2022,2,0,0,0,0,0,0,,2,2,0,2,2,0,0,1,1,220,0,0,0,,,0,0,,0,0,0,2,0,2,0,0,0,0,,,0,0,,0,0,0,0,0,0,0,0,60,2,,,,,,2,2,0,0,0,0,0,0,0,,0,,0,,0,,0,2,0,0,0,,,,,,,,,,,,,,,,,,,,,,1,2,0,0,1,0,0,0,0,0,41,,,0,41,,,0,,,,,,,,,,,
"Saint Vincent and the Grenadines","VC",2022,4,0,0,1,0,0,0,,4,5,1,5,4,1,0,0,,222,,,,,0,,,0,0,0,2,2,0,4,0,,,,,0,,,0,0,1,0,0,0,1,0,0,60,5,,,,,,5,5,0,0,0,0,0,0,0,,0,,0,,0,,0,4,1,0,0,,,0,0,0,0,0,0,0,0,0,0,0,0,0,0,0,0,0,0,0,0,5,1,1,0,,,,,,,,,,,,,0,,,,,,,,,,,
"Samoa","WS",2022,9,0,0,,,,0,,9,9,0,9,9,,,1,1,220,,,,,,,,,,2,,1,1,4,,,,,,,1,1,,,1,2,,,5,,,62,,9,0,0,,,9,9,0,0,0,0,0,0,0,,0,,0,,0,,0,9,,0,,,,0,0,0,0,0,0,0,0,0,0,0,,,0,,,0,,,1,9,0,0,,,,,,,,,,,,,,,,,,,,,,,,,
"San Marino","SM",2022,,,,,,,,,,,,,,,,,,,,,,,,,,,,,,,,,,,,,,,,,,,,,,,,,,,,,,,,,,,,,,,,,,,,,,,,,,,,,,,,,,,,,,,,,,,,,,,,,,,,,,,,,,,,,,,,,,,,,,,,,,,,,,,
"Sao Tome and Principe","ST",2022,87,12,22,2,0,0,,,121,123,2,123,87,2,0,1,1,220,2,1,1,,,8,5,,11,10,21,5,3,63,0,2,1,1,,,5,7,,4,12,11,8,5,52,0,8,60,123,,,,,,123,123,1,4,0,0,4,0,0,,0,,0,,1,4,1,121,2,4,0,,,4,0,0,0,4,0,0,0,0,0,0,0,0,0,0,0,0,0,0,1,123,12,12,,,,,,,,,,,,,,1,10,2022,9,100,8,2022,7,100,,,
"Saudi Arabia","SA",2022,1889,66,554,53,18,7,87,,2509,2587,165,2674,1868,55,21,1446,1,221,14,,,14,,,,257,534,373,285,174,162,1785,0,9,,,31,,,,150,236,162,76,59,51,734,0,68,60,1351,,,,,,2647,2647,27,16,0,0,0,0,0,,0,,1,16,0,,16,1583,49,24,3,,,1518,49,29,0,24,3,16,0,0,0,0,0,0,0,0,0,0,0,0,1,2284,37,37,,,,,37,22,1065,,,,,,,0,,,,,,,,,,,
"Senegal","SN",2022,10871,792,1609,781,0,0,635,,13272,14053,1416,14688,10871,1311,0,0,1,221,59,,,198,,,,2115,2626,2094,1270,777,585,9467,0,52,,,204,,,,1332,1117,706,216,376,326,4073,0,513,60,5702,,,,,,5619,5536,83,81,0,1,3,0,3,,3,,3,,1,76,5,4448,1311,43,39,,,14,14,9,7,11,13,9,7,26,3,0,0,0,0,0,0,3,0,0,1,14053,538,455,,,,,406,223,5096,,,,,,,0,,,,,,,,,,,
"Serbia","RS",2022,552,293,171,44,8,6,9,1,1016,1074,67,1083,366,31,0,4,1,220,9,1,8,11,,4,14,45,82,72,111,139,142,609,,9,6,2,8,,7,10,30,57,55,64,63,125,411,,54,62,,11,0,1,,,460,460,2,2,0,0,0,0,0,,0,,0,,1,2,2,125,10,2,0,,,125,10,125,1,2,0,2,0,0,0,,,,,,,,,,1,39,2,2,,,,,2,,,,,,,,,0,,,,,,,,,110839,,6
"Seychelles","SC",2022,9,2,5,0,0,0,0,,16,16,0,16,9,0,0,4,1,220,0,0,0,,,0,1,,3,4,0,1,3,12,0,0,0,0,,,0,0,,2,2,0,0,0,4,0,0,60,16,,,,,,14,14,1,1,0,0,0,0,0,,0,,0,,1,1,0,9,0,1,0,,,0,0,0,0,0,0,0,0,0,0,0,0,0,0,0,0,0,0,0,0,16,2,2,,,,,2,,,,,,,1,1,0,,,,,,,,,,,
"Sierra Leone","SL",2022,12524,5156,1155,318,116,18,125,,18835,19287,577,19412,,,,,1,221,417,,,320,,,,1604,2900,2641,2003,1030,794,10972,0,406,,,331,,,,1339,1839,1593,1060,577,425,6833,0,1474,0,,,,,,,19206,198,206,198,0,7,0,0,0,,1,15,1,91,1,89,198,,,,,,,,,,,,,,,,,,,,,,,,,,1,18922,2515,2506,,,,,2479,,,,,,,,,0,,,,,,,,,,,
"Singapore","SG",2022,1047,1181,283,72,69,22,7,,2511,2674,170,2681,1047,72,0,1611,1,220,1,0,0,,,14,76,,317,334,227,259,497,1724,0,1,0,1,,,7,28,,283,237,117,103,172,947,0,3,60,2473,,,,,,2658,2555,17,16,0,0,6,6,0,,1,2,0,,1,1,22,948,42,21,2,,,946,42,62,3,21,2,19,2,23,6,0,0,0,0,0,0,0,2,4,1,2171,21,,,,,,,,,,,,,,,0,,,,,,,,,,,
"Sint Maarten (Dutch part)","SX",2022,2,0,0,0,0,0,0,,2,2,0,2,0,0,2,2,,221,,,,,,,,,,,,,1,1,,,,,,,,,,,,,,1,1,,,0,,,,,,,2,2,0,0,0,0,0,0,1,2,0,,3,,0,,,0,,0,,,,0,0,0,0,0,0,0,0,0,0,,,,,,,,,,0,0,0,0,0,,,,,,,,,,,,,0,,,,,,,,,,,
"Slovakia","SK",2022,,,,,,,,,,,,,,,,,,,,,,,,,,,,,,,,,,,,,,,,,,,,,,,,,,,,,,,,,,,,,,,,,,,,,,,,,,,,,,,,,,,,,,,,,,,,,,,,,,,,,,,,,,,,,,,,,,,,0,,,,,,,,,6,5,6
"Slovenia","SI",2022,54,1,13,3,1,0,2,0,68,72,6,74,54,5,0,31,1,220,0,0,1,,,1,3,,3,5,4,7,17,40,0,1,0,0,,,0,1,,4,5,2,3,15,30,0,2,62,,54,0,8,,,73,70,0,0,0,0,1,1,,,,,,,,,,53,5,0,1,,,53,5,2,1,0,1,0,1,1,1,0,0,0,0,1,0,0,0,0,1,57,0,1,,,,,,,,,,,,,,0,,,,,,,,,,,4
"Solomon Islands","SB",2022,173,64,94,7,4,0,1,,331,342,12,343,173,7,0,0,0,221,8,,,10,,,,39,27,27,17,19,23,152,,6,,,11,,,,46,33,26,26,20,5,156,,35,62,,180,68,94,,,,,0,0,0,0,0,0,0,,0,,0,,0,,0,0,0,0,0,,,0,0,0,0,0,0,0,0,0,0,0,0,0,0,0,0,0,0,0,,0,0,0,,,,,,,,,,,,,,0,,,,,,,,,,,
"Somalia","SO",2022,9130,4462,4776,59,22,9,41,,18368,18458,131,18499,9130,90,0,0,1,221,950,,,1005,,,,2102,1905,1494,1199,932,922,8554,0,799,,,1021,,,,1428,1353,1172,915,692,569,6129,0,3775,60,6687,,,,,,18154,18154,345,310,0,24,2,2,0,,0,,1,125,1,185,2,6597,90,256,80,59,45,204,,120,,162,,116,,205,1,0,0,0,0,0,0,1,0,0,0,16483,127,88,,,,,,,,,,,,,,0,,,,,,,,,,,
"South Africa","ZA",2022,119637,53835,24146,11618,3765,1294,10326,,197618,214295,27003,224621,116349,18492,3288,,1,220,5615,1392,1363,,,4105,7587,,27924,34714,22612,13209,6852,117003,0,5005,1403,1756,,,4892,7572,,22295,20149,12497,7622,5730,80757,1,16534,60,157756,,,,,,217031,156699,6781,6781,159,243,809,711,0,,1,39,1,2584,1,5028,7651,116349,16566,2479,1685,10691,1035,2511,1728,1459,986,2479,1685,1427,943,684,445,3,4,0,79,139,10,2,12,196,1,187871,102254,90363,1,9002,2356,2077,,,,,,288342,466485,204162,414353,0,,,,,,,,,,,
"South Sudan","SS",2022,9330,6270,3401,430,145,83,825,,19001,19659,1483,20484,9330,823,0,0,1,221,842,,,917,,,,2045,3479,2362,1568,867,696,11017,0,621,,,1030,,,,999,1271,1147,887,577,351,5232,0,3410,0,,,,,,,20484,20484,170,165,0,1,170,165,0,,0,,1,1,1,165,0,5598,823,108,62,,,0,0,0,0,0,0,0,0,0,0,0,0,0,0,0,0,0,0,0,1,18776,2177,2051,,,,,,,,,,,,,,0,,,,,,,,,,,
"Spain","ES",2022,,,,,,,,,,,,,,,,,,,,,,,,,,,,,,,,,,,,,,,,,,,,,,,,,,,,,,,,,,,,,,,,,,,,,,,,,,,,,,,,,,,,,,,,,,,,,,,,,,,,,,,,,,,,,,,,,,,,,,,,,,,,,,,
"Sri Lanka","LK",2022,4221,1558,1995,231,64,52,221,,7774,8121,568,8342,4211,395,10,9,,221,20,,,56,,,,278,494,814,1119,1194,1171,5070,,34,,,75,,,,418,403,362,503,574,606,2866,,185,60,3279,,,,,,8326,8326,16,13,0,1,0,0,0,,0,,1,3,1,10,13,1380,291,15,2,,,1380,2,7,0,15,2,3,0,,,,,,,,,,,,0,6686,40,24,,,,,,,,,,,,,,0,,,,,,,,,,,
"Sudan","SD",2022,,,,,,,,,,,,,,,,,,,,,,,,,,,,,,,,,,,,,,,,,,,,,,,,,,,,,,,,,,,,,,,,,,,,,,,,,,,,,,,,,,,,,,,,,,,,,,,,,,,,,,,,,,,99,,,,,,,,,,,,,,,,,,,,
"Suriname","SR",2022,98,10,12,3,1,0,3,,120,124,7,127,98,5,0,4,1,221,0,,,1,,,,6,12,20,27,17,7,89,0,1,,,0,,,,9,5,7,7,5,0,33,0,2,60,118,,,,,,117,111,7,7,0,0,0,0,0,,0,,0,,0,,0,95,4,5,2,,,36,2,2,0,4,2,2,0,0,0,,,,,,,,,,1,117,17,9,1,2,2,0,,,,,,,,,,0,,,,,,,,,,,
"Sweden","SE",2022,231,12,105,4,1,4,21,0,348,357,30,378,210,17,21,316,1,220,4,2,3,,,8,23,,32,33,22,21,35,174,0,4,4,2,,,8,17,,33,30,22,19,35,164,0,19,62,,235,0,95,,,362,359,13,13,0,1,3,3,0,,1,1,3,,3,,,203,13,9,2,,,203,13,20,2,9,2,8,2,11,2,0,0,0,1,1,0,0,0,0,1,279,,,,,,,,,,,,,,,,0,,,,,,,,,,,
"Switzerland","CH",2022,309,25,12,0,0,0,19,19,346,346,19,365,277,19,32,281,1,220,5,2,0,,,27,25,,26,26,34,31,40,209,1,6,1,2,,,6,11,,25,27,12,19,19,119,1,16,62,,309,0,12,,,362,322,3,3,0,0,0,0,3,,3,,3,,3,,0,204,0,2,0,,,204,0,13,0,2,0,2,0,2,0,0,0,0,0,0,0,0,0,0,,,,,,,,,,,,,,,,,,0,,,,,,,,,,,
"Syrian Arab Republic","SY",2022,1239,390,1318,64,14,43,78,,2947,3068,199,3146,1239,103,0,8,1,221,33,,,70,,,,354,563,308,233,182,151,1791,0,14,,,92,,,,317,243,194,132,107,75,1068,0,209,62,,413,17,37,,,3052,3052,15,15,0,2,16,16,0,,0,,1,16,0,,16,1239,103,16,0,,,428,0,42,0,16,0,15,0,16,1,,,,,,,,,,1,1401,0,0,,,,,,,,,,,,,,0,,,,,,,,,,,
"Tajikistan","TJ",2022,1777,1001,1147,240,64,65,127,38,3925,4294,496,4421,1777,329,0,,1,221,41,,,86,,,,612,566,350,282,267,219,2296,0,35,,,95,,,,347,412,257,195,255,275,1741,0,257,60,3721,,,,,,3903,3663,409,309,86,37,109,91,0,,1,29,1,317,1,110,38,1777,316,416,102,240,102,1565,313,554,138,295,81,290,79,418,109,4,0,0,8,97,0,0,0,0,1,4269,109,99,,,,,116,95,1007,1082,9535,912,1007,1022,1032,0,,,,,,,,,,,113
"Thailand","TH",2022,41748,15711,9751,3402,1172,490,1310,,67210,72274,6374,73584,41206,4267,542,3283,1,220,135,57,97,,,705,1771,,5877,7811,10309,10030,12405,48908,0,90,53,175,,,670,1297,,3217,3193,3904,4009,6469,22759,0,607,60,43552,,,,,,72659,72659,875,874,0,8,50,48,0,,1,7,1,298,1,487,785,30770,3461,550,325,,,14248,1569,1656,278,379,208,291,136,384,26,0,0,0,0,17,0,0,0,9,1,60916,5340,4689,1,396,14,14,4689,,,,,,,,,0,,,,,,,,,,,
"Timor-Leste","TL",2022,2494,2111,545,73,26,0,121,,5150,5249,220,5370,2494,73,0,0,1,221,44,,,66,,,,373,468,338,422,493,665,2759,,42,,,101,,,,419,408,274,315,369,452,2237,,253,60,2328,,,,,,19,19,19,19,19,0,0,0,1,19,1,,1,19,1,19,19,19,0,19,0,,,0,0,0,0,0,0,0,0,0,0,0,0,0,0,0,0,0,0,0,1,4813,34,34,,,,,,,,,,,,,,0,,,,,,,,,,,
"Togo","TG",2022,2459,96,341,161,1,0,92,,2896,3058,254,3150,2459,253,0,0,,221,12,,,36,,,,211,391,527,401,223,151,1904,,10,,,35,,,,197,223,252,167,122,100,1061,,93,0,,,,,,,3133,3133,17,15,0,0,0,0,0,,0,,0,,1,15,15,2346,249,11,6,,,36,64,13,12,11,6,10,6,17,0,0,0,0,0,0,0,0,0,0,0,3140,393,387,,,,,375,,,,,,,,,0,,,,,,,,,,,
"Tokelau","TK",2022,,,,,,,,,,,,,,,,,,,,,,,,,,,,,,,,,,,,,,,,,,,,,,,,,,,,,,,,,,,,,,,,,,,,,,,,,,,,,,,,,,,,,,,,,,,,,,,,,,,,,,,,,,,,,,,,,,,,,,,,,,,,,,,
"Tonga","TO",2022,2,0,0,0,0,0,0,,2,2,0,2,2,0,0,0,0,221,0,,,0,,,,0,0,0,0,0,1,1,0,0,,,0,,,,0,0,0,1,0,0,1,0,0,60,2,,,,,,2,0,0,0,0,0,0,0,0,,0,,0,,0,,0,2,0,0,0,,,0,0,0,0,0,0,0,0,0,0,0,0,0,0,0,0,0,0,0,1,2,0,0,,,,,,,,,,,,,,0,,,,,,,,,,,
"Trinidad and Tobago","TT",2022,128,92,11,6,6,0,6,,231,243,18,249,128,12,0,6,1,220,2,0,0,,,4,13,,39,41,36,39,17,189,1,1,0,1,,,5,2,,9,12,6,10,5,49,0,4,60,82,,,,,,249,249,0,0,0,0,0,0,0,,0,,0,,0,,0,77,5,0,0,,,77,5,77,5,0,0,0,0,0,0,0,0,0,0,0,0,0,0,0,1,235,29,25,1,4,0,0,,,,,,,,,,0,,,,,,,,,,,
"Tunisia","TN",2022,1026,169,1994,34,4,27,10,,3189,3254,75,3264,1024,42,2,0,1,221,12,,,78,,,,202,282,328,260,237,211,1520,0,15,,,87,,,,263,282,280,242,256,219,1542,0,192,0,,,,,,,3189,3189,14,14,0,0,0,0,0,,0,,1,10,0,,10,0,0,0,0,,,,,,,,,,,,,,,,,,,,,,1,1476,27,27,,,,,,,,,,,,,,0,,,,,,,,,,,
"Türkiye","TR",2022,4506,1234,3495,287,65,136,128,34,9235,9723,616,9851,4506,349,0,1538,1,220,71,59,50,,,260,549,,761,727,858,1000,1226,5381,1,56,45,111,,,262,407,,647,594,563,565,911,3949,0,392,62,,402,336,12,,,9691,9577,143,128,27,1,12,11,0,,0,,1,56,0,,0,4006,289,115,33,,,3964,280,439,64,113,33,98,26,94,12,0,0,0,0,10,0,0,0,2,1,7860,123,101,,,,,12,12,3908,,,,,,,0,,,,,,,,,,,
"Turkmenistan","TM",2022,746,622,398,228,452,57,881,127,1766,2503,1618,3384,746,504,0,0,1,222,,,,,24,,,148,275,320,325,249,112,1429,0,,,,,17,,,161,248,202,165,162,95,1033,0,41,60,1967,,,,,,2605,2605,514,514,,11,228,228,0,,1,9,1,525,1,208,742,746,504,157,245,,,,,,,,,,,,,,,,,,,,,,,,,,,,,,,,,,,,,,,,,,,,,,,,161,161,
"Turks and Caicos Islands","TC",2022,,,,,,,,,,,,,,,,,,,,,,,,,,,,,,,,,,,,,,,,,,,,,,,,,,,,,,,,,,,,,,,,,,,,,,,,,,,,,,,,,,,,,,,,,,,,,,,,,,,,,,,,,,,,,,,,,,,,,,,,,,,,,,,
"Tuvalu","TV",2022,17,3,6,0,0,0,0,,26,26,0,26,17,0,0,0,,221,0,,,1,,,,6,2,2,0,4,2,16,0,0,,,1,,,,1,1,1,1,2,2,8,0,2,61,,,,,26,26,0,0,0,0,0,0,0,0,0,,0,,1,0,0,,0,17,0,0,0,,,17,0,0,0,0,0,0,0,,,,,,,,,,,,1,26,0,0,,,,,,,,,,,,,,0,,,,,,,,,,,
"Uganda","UG",2022,54302,32647,3281,2621,1494,112,1551,,90230,94457,5778,96008,54205,3669,97,2572,1,220,3795,2298,1562,,,1441,2814,,10392,12260,5511,16273,,48691,,3630,2151,1679,,,1480,2831,,7226,6622,2682,9810,,30651,,15115,60,66372,,,,,,95129,95063,761,749,12,40,1,1,0,,0,,1,196,1,565,761,39868,,761,,,,192,91,88,53,96,53,76,43,750,1,0,0,0,0,0,0,0,0,1,1,93088,30300,29535,1,14754,2188,2124,21011,,,,,,,,,0,,,,,,,,,,,
"Ukraine","UA",2022,9668,4046,1366,2752,539,196,999,110,15080,18567,4486,19566,9668,3610,0,11,1,221,63,,,177,,,,424,1937,4282,3691,2137,1077,13548,0,53,,,159,,,,284,770,1119,953,651,790,4567,0,452,60,17693,,,,,,15833,15191,2900,3078,368,123,1009,1080,0,,1,304,1,1996,1,1348,4526,9370,3506,2360,1287,2674,1136,9370,3506,2371,1212,2360,1287,1714,972,3148,1009,2,27,0,3,876,13,0,5,83,1,18324,3328,3069,,,,,3069,1547,12813,,,,,,,0,,,,,,,,,,,2433
"United Arab Emirates","AE",2022,32,5,21,1,0,1,2,,58,60,4,62,32,3,0,0,1,221,1,,,0,,,,7,5,6,7,3,6,34,0,3,,,1,,,,7,2,4,1,2,5,21,0,5,60,29,,,,,,61,61,1,1,0,0,0,0,0,,0,,1,1,0,,0,20,3,1,0,,,14,3,2,0,1,0,1,0,0,0,0,0,0,0,0,0,0,0,0,1,41,1,1,,,,,1,,,,,,,1,1,0,,,,,,,,,,,
"United Kingdom of Great Britain and Northern Ireland","GB",2022,,,,,,,,,,,,,,,,,,,,,,,,,,,,,,,,,,,,,,,,,,,,,,,,,,,,,,,,,,,,,,,,,,,,,,,,,,,,,,,,,,,,,,,,,,,,,,,,,,,,,,,,,,,,,,,,,,,,,,,,,,,,,,,
"United Republic of Tanzania","TZ",2022,32135,49326,16879,876,694,190,869,,98340,100100,2629,100969,32135,1217,,175,1,220,4840,2256,1761,,,1530,3226,,8836,11181,10491,7028,8550,50842,0,4523,1980,1577,,,1293,2209,,5954,6543,6159,4560,5603,32321,0,16937,60,46813,,,,,,100609,99393,360,302,42,8,1,1,0,,0,,1,175,1,168,310,26763,1083,262,88,,,839,221,80,21,114,25,62,13,121,1,0,0,0,0,0,0,0,0,1,1,99773,16490,16414,1,16902,1218,1214,,,,,,,,,,0,,,,,,,,,,,
"United States of America","US",2022,5387,878,1475,,,,556,,7740,7740,556,8296,5093,398,294,5801,0,220,100,32,42,,,159,319,,693,674,658,769,1274,4546,73,93,28,56,,,131,184,,473,391,362,405,741,2687,57,351,60,5863,,,,,,8191,5942,95,91,,3,10,5,1,21,1,12,1,,3,,96,4599,332,73,19,,,4550,324,356,57,71,19,59,15,35,8,0,0,0,0,2,0,0,0,6,1,6433,287,,1,231,0,,,,,,,,,,,0,,,,,,,,,,,
"Uruguay","UY",2022,674,220,119,91,20,2,48,,1013,1126,161,1174,674,130,0,12,1,221,13,,,23,,,,88,173,155,123,93,91,723,0,11,,,16,,,,61,61,63,60,43,52,340,0,63,62,,656,119,113,,,1168,1094,3,2,2,1,0,0,0,,0,,0,,1,4,4,566,78,3,0,,,506,64,5,2,2,0,0,0,2,0,,,,,,,,,,1,964,148,45,1,63,0,0,148,45,882,,,,,,,0,,,,,,,,,,,
"Uzbekistan","UZ",2022,5111,2305,5173,1162,222,329,1872,505,12589,14302,3585,16174,5111,2094,,0,1,220,186,384,262,,,264,409,,983,1187,1308,1400,1269,6820,0,115,282,260,,,249,343,,937,855,837,1166,1606,5993,0,1489,60,13730,,,,,,13890,13890,1660,1660,167,95,457,457,0,,1,145,1,1957,1,182,327,833,718,807,693,412,411,,,,,,,,,,,,,,,,,,,,0,16174,538,413,,,,,,,,,,,,,,,,,,,,,,,,,
"Vanuatu","VU",2022,58,3,23,0,0,0,0,,84,84,0,84,0,0,58,0,,221,2,,,5,,,,7,8,11,9,8,6,49,0,1,,,2,,,,8,9,0,3,2,3,25,0,10,62,,55,1,0,,,0,0,0,0,0,0,0,0,0,,0,,0,,0,,0,0,0,0,0,,,0,0,0,0,0,0,0,0,0,0,0,0,0,0,0,0,0,0,0,1,84,0,0,,,,,,,,,,,,,,0,,,,,,,,,,,
"Venezuela (Bolivarian Republic of)","VE",2022,6779,1347,1213,515,0,11,209,,9339,9865,735,10074,6779,724,0,29,1,220,92,72,98,,,266,800,,1893,955,672,642,614,5842,0,78,78,89,,,252,403,,813,565,454,462,567,3516,0,507,60,1120,,,,,,9990,9990,72,72,0,2,12,12,0,,0,,1,68,1,16,84,648,509,4,80,,,67,115,1,36,4,80,1,32,70,12,0,0,0,0,0,0,0,0,12,1,4876,426,426,1,290,16,13,,,,,,,,,,0,,,,,,,,,,,
"Viet Nam","VN",2022,61980,17218,17001,5304,705,271,1325,,96199,102479,7605,103804,61954,6236,26,14,1,221,156,,,324,,,,4835,9187,12523,15989,15894,14324,72752,,118,,,384,,,,3559,5538,4506,4013,4618,6469,28703,,982,60,71279,,,,,,100227,100227,3577,3247,0,19,473,189,1,103,1,40,1,1335,1,2061,,61411,4780,2842,735,2441,487,,2072,,894,,708,,614,2581,473,0,1,0,5,90,0,0,5,372,1,87725,2198,1654,,,,,,1468,16340,15030,171193,7998,16340,,,0,,,,,,,,,,,
"Wallis and Futuna Islands","WF",2022,,,,,,,,,,,,,,,,,,,,,,,,,,,,,,,,,,,,,,,,,,,,,,,,,,,,,,,,,,,,,,,,,,,,,,,,,,,,,,,,,,,,,,,,,,,,,,,,,,,,,,,,,,,,,,,,,,,,,,,,,,,,,,,
"Yemen","YE",2022,2938,2992,4170,139,56,32,61,,10100,10327,288,10388,2938,164,0,,,221,274,,,381,,,,1035,1220,807,662,625,534,4883,0,246,,,338,,,,971,944,723,615,495,457,4205,0,1239,60,,,,,,,,,68,68,0,1,2,2,0,,1,5,1,60,1,3,0,1122,78,25,39,,,1122,78,19,10,25,39,7,10,64,5,0,0,0,0,0,0,0,0,5,1,2617,35,0,,,,,,,,,,,,,,0,,,,,,,,,,,
"Zambia","ZM",2022,22803,22271,2876,2222,3720,235,721,,47950,54127,6898,54848,22803,2943,,,1,221,1631,,,1372,,,,2780,7647,8543,5899,2936,3028,30833,,1503,,,1290,,,,2272,3773,3973,3126,2058,2296,17498,,5796,60,38112,,,,,,54489,54489,359,359,1,11,3,3,0,,0,,1,338,1,25,363,16092,1620,301,58,1334,52,212,21,46,14,32,18,25,12,44,2,0,0,0,0,0,0,0,0,2,0,52564,16866,16334,1,5453,752,730,,,,,,,,,,0,,,,,,,,,,,
"Zimbabwe","ZW",2022,9696,6655,1287,318,223,43,417,,17638,18222,1001,18639,9669,419,27,0,1,220,291,150,133,,,313,768,,2818,3671,1881,796,1020,11267,0,261,120,154,,,268,584,,1399,1429,974,594,598,5846,0,1109,60,18222,,,,,,18309,18309,237,220,0,5,5,4,0,,0,,1,4,1,220,180,9619,419,170,72,318,72,,,,,,,,,163,5,0,0,0,1,4,0,0,0,0,1,18198,9202,8784,1,1110,336,311,,,,,,,,234197,293574,0,,,,,,,,,,,
